cust_id,proba,campaign
46,1.0,2
388,1.0,2
554,1.0,1
829,1.0,2
886,1.0,2
1008,1.0,4
1101,1.0,7
1131,1.0,7
1541,1.0,7
1740,1.0,6
1905,1.0,1
2143,1.0,9
2378,1.0,4
2733,1.0,9
2827,1.0,3
3281,1.0,7
3390,1.0,6
3653,1.0,9
3990,1.0,6
4339,1.0,4
5068,1.0,4
5140,1.0,6
5453,1.0,9
5481,1.0,7
5778,1.0,4
6454,1.0,1
7665,1.0,1
7978,1.0,4
8121,1.0,7
8338,1.0,4
8348,1.0,4
8730,1.0,6
9114,1.0,10
12658,1.0,4
13008,1.0,4
13060,1.0,6
13094,1.0,1
7964,0.998045112781955,10
1919,0.9965979603532794,4
6989,0.9965979603532794,4
8489,0.9965979603532794,4
1771,0.9961538461538462,7
5732,0.9950227992182024,6
690,0.9947676418511995,7
1010,0.9947676418511995,7
1180,0.9947676418511995,7
1500,0.9947676418511995,7
1510,0.9947676418511995,7
1830,0.9947676418511995,7
2370,0.9947676418511995,7
3720,0.9947676418511995,7
4490,0.9947676418511995,7
6770,0.9947676418511995,7
8030,0.9947676418511995,7
8120,0.9947676418511995,7
1016,0.9939516739706831,3
2336,0.9939516739706831,3
8476,0.9939516739706831,3
12584,0.9928776201868307,9
6370,0.9921666666666666,6
1269,0.9894936251055445,3
3309,0.9894936251055445,3
4982,0.9879777281083889,7
5652,0.9879777281083889,7
6752,0.9879777281083889,7
193,0.9878328414010232,9
4038,0.9871515151515152,5
4231,0.9871405870699348,6
12811,0.9871405870699348,6
7803,0.9870032051282052,8
115,0.9866619885195737,6
3125,0.9866619885195737,6
7535,0.9866619885195737,6
2788,0.985764800669366,4
3378,0.985764800669366,4
4053,0.9838412698412696,8
124,0.9837060877328336,6
8944,0.9837060877328336,6
12704,0.9837060877328336,6
1129,0.9835074991413955,7
1169,0.9835074991413955,7
1989,0.9835074991413955,7
12667,0.9832857142857143,4
13106,0.9822831499325961,4
3482,0.9813529130312412,3
5432,0.9813529130312412,3
13082,0.9813529130312412,3
1537,0.9806115227759061,4
2587,0.9806115227759061,4
5117,0.9806115227759061,4
7608,0.9741467205510227,3
4983,0.972423711438402,7
5843,0.972423711438402,7
5863,0.972423711438402,7
3902,0.9706899842581662,9
5819,0.9686564555782203,3
8014,0.9659225247489934,7
4830,0.9655226223770121,3
7140,0.9655226223770121,3
9303,0.9642348484848484,8
5656,0.9637871936962077,7
1977,0.9637368263725473,4
4717,0.9637368263725473,4
6687,0.9637368263725473,4
7427,0.9637368263725473,4
2421,0.9633183580718264,3
3871,0.9633183580718264,3
6531,0.9633183580718264,3
8921,0.9633183580718264,3
7556,0.9609505664184457,5
9186,0.9609505664184457,5
4762,0.960328262285642,6
8972,0.960328262285642,6
6294,0.9595665588529765,3
6963,0.9594630261975794,4
775,0.9586077100961861,7
2295,0.9586077100961861,7
8525,0.9586077100961861,7
13085,0.9586077100961861,7
5645,0.9582322890969425,3
7575,0.9582322890969425,3
8235,0.9582322890969425,3
7029,0.9577860475008307,6
1633,0.9565823259592026,3
2923,0.9565823259592026,3
8273,0.9565823259592026,3
7592,0.9563297640948063,7
12978,0.9562835365659349,4
8261,0.9545922276956759,7
974,0.9541923076923078,9
5949,0.9533881375797003,4
278,0.9528863483867354,6
2222,0.9528773751823841,3
3322,0.9528773751823841,3
7882,0.9528773751823841,3
12982,0.9528773751823841,3
8640,0.952059523809524,4
3573,0.9490669265238096,7
8553,0.9487378665642848,6
5879,0.9457121212121212,4
6518,0.9444983164328774,7
1420,0.9442473544973546,7
3565,0.9437638887766119,1
4645,0.9437638887766119,1
1967,0.9432704450927392,3
1530,0.938008335454951,6
2430,0.938008335454951,6
7250,0.938008335454951,6
1678,0.9379440860003136,4
3070,0.9376820839978735,4
3115,0.9376017737120946,1
4285,0.9376017737120946,1
4785,0.9376017737120946,1
12945,0.9376017737120946,1
2651,0.9345020052598612,6
3161,0.9345020052598612,6
5311,0.9345020052598612,6
5511,0.9345020052598612,6
6401,0.9345020052598612,6
6701,0.9345020052598612,6
11,0.9302564762902376,7
1401,0.9302564762902376,7
5241,0.9302564762902376,7
6161,0.9302564762902376,7
6181,0.9302564762902376,7
8701,0.9302564762902376,7
9061,0.9302564762902376,7
12881,0.9302564762902376,7
13131,0.9302564762902376,7
9231,0.9300974025974026,7
2675,0.9299410703675409,8
6748,0.9285561720473153,6
8,0.9285252750108949,4
708,0.9285252750108949,4
7468,0.9285252750108949,4
1634,0.9268883448884345,10
7194,0.9268883448884345,10
7684,0.9268883448884345,10
8984,0.9268883448884345,10
9148,0.9266334542342163,5
1735,0.9256861819080728,7
1945,0.9256861819080728,7
5755,0.9256861819080728,7
6524,0.9245259479251098,6
29,0.9238421836259175,6
879,0.9238421836259175,6
3909,0.9238421836259175,6
4579,0.9238421836259175,6
5769,0.9238421836259175,6
5939,0.9238421836259175,6
8969,0.9238421836259175,6
1352,0.9232471441667469,7
2052,0.9232471441667469,7
2542,0.9232471441667469,7
7292,0.9232471441667469,7
7710,0.9227106287203989,5
580,0.9219853468890767,7
3680,0.9219853468890767,7
4310,0.9219853468890767,7
5180,0.9219853468890767,7
7180,0.9219853468890767,7
9170,0.9219853468890767,7
12690,0.9219853468890767,7
12810,0.9219853468890767,7
13090,0.9219853468890767,7
13190,0.9219853468890767,7
1706,0.9217964506475731,2
6916,0.9217964506475731,2
7326,0.9217964506475731,2
774,0.9211321611895202,6
5444,0.9211321611895202,6
6734,0.9211321611895202,6
12984,0.9211321611895202,6
154,0.9210000618022585,7
804,0.9210000618022585,7
6624,0.9210000618022585,7
7344,0.9210000618022585,7
162,0.9209645782515135,6
3002,0.9209645782515135,6
3102,0.9209645782515135,6
4602,0.9209645782515135,6
5042,0.9209645782515135,6
6182,0.9209645782515135,6
8172,0.9209645782515135,6
8632,0.9209645782515135,6
4889,0.9207516517609327,5
7579,0.9207516517609327,5
1595,0.9202413721284525,6
3065,0.9202413721284525,6
4655,0.9202413721284525,6
6035,0.9202413721284525,6
8145,0.9202413721284525,6
3751,0.9190869673542744,7
7178,0.9187001445865067,5
2528,0.9171254096240462,4
3828,0.9171254096240462,4
4858,0.9171254096240462,4
4988,0.9171254096240462,4
7008,0.9171254096240462,4
7138,0.9171254096240462,4
7638,0.9171254096240462,4
8188,0.9171254096240462,4
12888,0.9171254096240462,4
838,0.9170718419365497,4
2648,0.9170718419365497,4
1713,0.9167018253353564,7
2283,0.9167018253353564,7
2643,0.9167018253353564,7
2993,0.9167018253353564,7
3473,0.9167018253353564,7
3773,0.9167018253353564,7
4623,0.9167018253353564,7
12573,0.9167018253353564,7
2726,0.9165431018499904,6
4183,0.9156177100994909,6
7353,0.9156177100994909,6
9103,0.9156177100994909,6
12823,0.9156177100994909,6
6434,0.9148493392435839,10
5520,0.9146155963520474,5
2089,0.9143203463203464,8
5904,0.9139245038037316,6
8445,0.9132836053246639,7
6930,0.9126980994152046,4
2900,0.9121163327906595,7
3061,0.9104815020602337,7
338,0.9104299138204713,4
398,0.9104299138204713,4
8558,0.9104299138204713,4
2280,0.9102504982619466,6
3710,0.9102504982619466,6
8470,0.9102504982619466,6
2085,0.9097739113137087,1
7465,0.9097739113137087,1
3317,0.9090012907369297,2
1478,0.9070527920636735,7
3938,0.9070527920636735,7
3978,0.9070527920636735,7
4598,0.9070527920636735,7
4668,0.9070527920636735,7
5718,0.9070527920636735,7
5768,0.9070527920636735,7
918,0.9069065960553293,4
7948,0.9069065960553293,4
9328,0.9069065960553293,4
1471,0.90673724458848,6
8231,0.90673724458848,6
9261,0.90673724458848,6
119,0.9064888524993089,4
159,0.9064888524993089,4
939,0.9064888524993089,4
1649,0.9064888524993089,4
1769,0.9064888524993089,4
4609,0.9064888524993089,4
7649,0.9064888524993089,4
9149,0.9064888524993089,4
13109,0.9064888524993089,4
2418,0.9064786752784463,8
5338,0.9061732225497218,4
3484,0.9054793742606383,10
8054,0.9054793742606383,10
749,0.9049992597059863,7
1399,0.9049992597059863,7
1759,0.9049992597059863,7
2849,0.9049992597059863,7
3409,0.9049992597059863,7
7479,0.9049992597059863,7
1211,0.9048635438613464,5
8530,0.9048452380952381,4
2571,0.9042221655445742,7
7853,0.9038364968364968,4
300,0.9031146655606938,4
390,0.9031146655606938,4
2540,0.9031146655606938,4
2550,0.9031146655606938,4
2590,0.9031146655606938,4
3760,0.9031146655606938,4
4440,0.9031146655606938,4
4600,0.9031146655606938,4
4780,0.9031146655606938,4
4810,0.9031146655606938,4
4850,0.9031146655606938,4
5090,0.9031146655606938,4
6010,0.9031146655606938,4
6290,0.9031146655606938,4
6870,0.9031146655606938,4
9080,0.9031146655606938,4
13070,0.9031146655606938,4
3894,0.9028158211190142,4
4834,0.9028158211190142,4
261,0.902174268132955,4
3831,0.902174268132955,4
6271,0.902174268132955,4
6951,0.902174268132955,4
8481,0.902174268132955,4
8581,0.902174268132955,4
8781,0.902174268132955,4
8861,0.902174268132955,4
13031,0.902174268132955,4
1909,0.9013690476190476,3
4991,0.9012552476377595,7
888,0.9012232070427231,4
5146,0.9011915460270723,4
6656,0.9011915460270723,4
7816,0.9011915460270723,4
6965,0.8990798454092438,1
1406,0.8986931491628602,7
4676,0.8986931491628602,7
6506,0.8986931491628602,7
6556,0.8986931491628602,7
12576,0.8986931491628602,7
2194,0.8986097708176333,10
17,0.8971986777007206,7
2667,0.8971986777007206,7
6307,0.8971986777007206,7
6867,0.8971986777007206,7
39,0.8971093318455468,6
4109,0.8971093318455468,6
4569,0.8971093318455468,6
8179,0.8971093318455468,6
12689,0.8971093318455468,6
1606,0.8969866422639257,2
6706,0.8969866422639257,2
7786,0.8969866422639257,2
1197,0.8969278740475488,6
650,0.8964795176995726,4
4010,0.8964795176995726,4
1550,0.8961646973495074,4
2240,0.8961646973495074,4
6580,0.8961646973495074,4
440,0.895982986752085,4
880,0.895982986752085,4
496,0.895839337631085,6
906,0.895839337631085,6
936,0.895839337631085,6
1936,0.895839337631085,6
6056,0.895839337631085,6
6356,0.895839337631085,6
7716,0.895839337631085,6
3315,0.8957347872547023,4
8895,0.8957347872547023,4
814,0.8954952960451559,10
4044,0.8954952960451559,10
7454,0.8954952960451559,10
788,0.8951315330720108,4
5408,0.8951315330720108,4
8538,0.8951315330720108,4
12908,0.8951315330720108,4
1930,0.8946105398037406,7
4759,0.8945923057818641,4
1257,0.8938776707450451,4
2817,0.8938776707450451,4
12937,0.8938776707450451,4
5821,0.8936427583166939,4
2893,0.8935820413401241,5
4123,0.8935820413401241,5
4143,0.8935820413401241,5
4614,0.8933654886271308,10
4854,0.8933654886271308,10
7434,0.8933654886271308,10
3527,0.8920198891581107,4
8454,0.8915305371266367,4
12678,0.8913350217639352,6
1109,0.8905684327181013,4
3129,0.8905684327181013,4
3989,0.8905684327181013,4
4199,0.8905684327181013,4
4929,0.8905684327181013,4
5449,0.8905684327181013,4
7769,0.8905684327181013,4
8139,0.8905684327181013,4
9159,0.8905684327181013,4
12749,0.8905684327181013,4
147,0.8897391774891774,4
911,0.8891145377928737,6
4081,0.8891145377928737,6
4771,0.8891145377928737,6
6781,0.8891145377928737,6
6811,0.8891145377928737,6
8421,0.8891145377928737,6
3037,0.8889674768935858,4
4217,0.8889674768935858,4
4587,0.8889674768935858,4
5307,0.8889674768935858,4
630,0.8878341803898958,6
8330,0.8878341803898958,6
6571,0.8875593040236504,4
187,0.8875569606038652,4
2287,0.8875569606038652,4
3367,0.8875569606038652,4
3687,0.8875569606038652,4
7267,0.8875569606038652,4
8887,0.8875569606038652,4
9297,0.8875569606038652,4
30,0.8873295879854911,4
1560,0.8873295879854911,4
1750,0.8873295879854911,4
1790,0.8873295879854911,4
3200,0.8873295879854911,4
3790,0.8873295879854911,4
5420,0.8873295879854911,4
5700,0.8873295879854911,4
9260,0.8873295879854911,4
12970,0.8873295879854911,4
842,0.8873079166828947,4
3282,0.8873079166828947,4
4622,0.8873079166828947,4
6332,0.8873079166828947,4
6722,0.8873079166828947,4
7632,0.8873079166828947,4
7962,0.8873079166828947,4
3337,0.8868700817210093,2
12681,0.8868611992987762,7
6598,0.886693562365087,4
4551,0.8861240418107457,4
8841,0.8861240418107457,4
7059,0.8860316332420121,5
694,0.8858883573949653,4
1584,0.8858883573949653,4
1904,0.8858883573949653,4
2554,0.8858883573949653,4
3364,0.8858883573949653,4
4684,0.8858883573949653,4
4874,0.8858883573949653,4
6114,0.8858883573949653,4
7174,0.8858883573949653,4
7844,0.8858883573949653,4
8644,0.8858883573949653,4
7117,0.8857990350292982,4
6430,0.8852730389106298,4
12650,0.8852730389106298,4
3054,0.8849755572307462,10
5634,0.8849755572307462,10
365,0.8845656593027433,4
2255,0.8845656593027433,4
2445,0.8845656593027433,4
2655,0.8845656593027433,4
2775,0.8845656593027433,4
3325,0.8845656593027433,4
3675,0.8845656593027433,4
4515,0.8845656593027433,4
8085,0.8845656593027433,4
9295,0.8845656593027433,4
9325,0.8845656593027433,4
12545,0.8845656593027433,4
3933,0.8843810433008231,4
13184,0.8835061029297746,4
4345,0.8834090661535714,4
594,0.8833654880466582,4
1024,0.8833654880466582,4
1764,0.8833654880466582,4
4334,0.8833654880466582,4
4894,0.8833654880466582,4
5864,0.8833654880466582,4
5874,0.8833654880466582,4
7214,0.8833654880466582,4
8604,0.8833654880466582,4
12864,0.8833654880466582,4
4919,0.8829129245670656,2
9239,0.8829129245670656,2
7941,0.8821042698162881,4
8201,0.8821042698162881,4
143,0.8818935248539422,4
1033,0.8818935248539422,4
1803,0.8818935248539422,4
2333,0.8818935248539422,4
2423,0.8818935248539422,4
1159,0.8809120976956689,4
2769,0.8809120976956689,4
2286,0.8809063363001662,6
12795,0.8793232219988387,10
5115,0.8790680887093231,4
8025,0.8790680887093231,4
2647,0.8786303248177597,2
7967,0.8786303248177597,2
1041,0.878492786776187,7
7011,0.878492786776187,7
7323,0.8783733671159716,4
12603,0.8783733671159716,4
558,0.8777844243543059,4
1708,0.8777844243543059,4
1808,0.8777844243543059,4
6068,0.8777844243543059,4
6468,0.8777844243543059,4
7588,0.8777844243543059,4
8468,0.8777844243543059,4
8478,0.8777844243543059,4
9108,0.8777844243543059,4
12648,0.8777844243543059,4
12748,0.8777844243543059,4
12758,0.8777844243543059,4
155,0.877159930658624,10
4535,0.877159930658624,10
4855,0.877159930658624,10
8508,0.8768382687171179,4
5136,0.8767197711379865,2
4394,0.8762902589713434,4
6322,0.8748348296945423,7
3960,0.8734737566033517,4
7080,0.8734737566033517,4
322,0.8731933514271262,5
472,0.8731933514271262,5
7242,0.8731933514271262,5
8642,0.8731933514271262,5
556,0.8728980100908776,4
1816,0.8728980100908776,4
3106,0.8728980100908776,4
3566,0.8728980100908776,4
6906,0.8728980100908776,4
7186,0.8728980100908776,4
7226,0.8728980100908776,4
7376,0.8728980100908776,4
7846,0.8728980100908776,4
8076,0.8728980100908776,4
8196,0.8728980100908776,4
8676,0.8728980100908776,4
8816,0.8728980100908776,4
6436,0.8724864624327576,2
719,0.8719015600479184,4
1099,0.8719015600479184,4
2499,0.8719015600479184,4
2789,0.8719015600479184,4
2889,0.8719015600479184,4
3749,0.8719015600479184,4
6069,0.8719015600479184,4
6979,0.8719015600479184,4
7799,0.8719015600479184,4
8609,0.8719015600479184,4
12959,0.8719015600479184,4
887,0.8713556346751214,4
2417,0.8713556346751214,4
2857,0.8713556346751214,4
5297,0.8713556346751214,4
5337,0.8713556346751214,4
5907,0.8713556346751214,4
7187,0.8713556346751214,4
7707,0.8713556346751214,4
12627,0.8713556346751214,4
1112,0.8708805012445174,4
3202,0.8708805012445174,4
4292,0.8708805012445174,4
903,0.8708314200359202,4
2063,0.8708314200359202,4
3253,0.8708314200359202,4
3963,0.8708314200359202,4
6433,0.8708314200359202,4
3542,0.8698028941717451,6
4702,0.8698028941717451,6
5762,0.8698028941717451,6
6682,0.8698028941717451,6
7922,0.8698028941717451,6
320,0.8695547850210029,4
550,0.8695547850210029,4
730,0.8695547850210029,4
1900,0.8695547850210029,4
2470,0.8695547850210029,4
2760,0.8695547850210029,4
4900,0.8695547850210029,4
6880,0.8695547850210029,4
8320,0.8695547850210029,4
8520,0.8695547850210029,4
7888,0.8693661481895789,7
2710,0.8689798829351407,7
7330,0.8689798829351407,7
7510,0.8689798829351407,7
7593,0.868169090108022,5
8333,0.868169090108022,5
8863,0.868169090108022,5
5514,0.867616658986243,10
4462,0.8674641300692805,7
5312,0.8674641300692805,7
161,0.867419214218813,4
761,0.867419214218813,4
891,0.867419214218813,4
5001,0.867419214218813,4
7421,0.867419214218813,4
7591,0.867419214218813,4
7751,0.867419214218813,4
8991,0.867419214218813,4
7109,0.8669837630254215,4
5373,0.8664924745208121,9
1170,0.8664359477314676,6
2890,0.8664359477314676,6
3160,0.8664359477314676,6
4050,0.8664359477314676,6
4960,0.8664359477314676,6
3283,0.8661778084746571,10
8893,0.8661778084746571,10
628,0.8656601585808673,4
1978,0.8656601585808673,4
8108,0.8656601585808673,4
8768,0.8656601585808673,4
12718,0.8656601585808673,4
3483,0.8634933265962275,4
6093,0.8634933265962275,4
5239,0.8631268091106192,7
2921,0.863047402963804,7
4001,0.863047402963804,7
4671,0.863047402963804,7
4791,0.863047402963804,7
5161,0.863047402963804,7
6581,0.863047402963804,7
7001,0.863047402963804,7
7151,0.863047402963804,7
7261,0.863047402963804,7
7361,0.863047402963804,7
8371,0.863047402963804,7
8681,0.863047402963804,7
9001,0.863047402963804,7
12601,0.863047402963804,7
202,0.8624012524244936,7
612,0.8624012524244936,7
2122,0.8624012524244936,7
4562,0.8624012524244936,7
5142,0.8624012524244936,7
5482,0.8624012524244936,7
6812,0.8624012524244936,7
8012,0.8624012524244936,7
1674,0.8623970886609698,4
2614,0.8623970886609698,4
2734,0.8623970886609698,4
5434,0.8623970886609698,4
7354,0.8623970886609698,4
8814,0.8623970886609698,4
9224,0.8623970886609698,4
3297,0.8623853196901097,4
13157,0.8623853196901097,4
1715,0.8613919496875485,4
1875,0.8613919496875485,4
3255,0.8613919496875485,4
3685,0.8613919496875485,4
6585,0.8613919496875485,4
6655,0.8613919496875485,4
8345,0.8613919496875485,4
8515,0.8613919496875485,4
21,0.861279768025263,6
1741,0.861279768025263,6
4201,0.861279768025263,6
5251,0.861279768025263,6
5391,0.861279768025263,6
5531,0.861279768025263,6
5931,0.861279768025263,6
6871,0.861279768025263,6
7101,0.861279768025263,6
7371,0.861279768025263,6
12571,0.861279768025263,6
133,0.860954752777976,4
1263,0.860954752777976,4
8083,0.860954752777976,4
13053,0.860954752777976,4
1507,0.8599367327438808,2
6846,0.8597063555048724,4
1533,0.8595665049824674,6
2763,0.8595665049824674,6
6213,0.8595665049824674,6
6243,0.8595665049824674,6
2632,0.8589658869395711,7
3844,0.8586032243899889,5
1103,0.8576500551669833,7
6853,0.8576500551669833,7
7193,0.8576500551669833,7
2182,0.8572889262036214,6
8262,0.8572889262036214,6
8292,0.8572889262036214,6
1434,0.8570204312447558,4
2844,0.8570204312447558,4
3454,0.8570204312447558,4
2516,0.8559832251082251,4
3910,0.8557731950396184,4
6610,0.8557731950396184,4
4792,0.8553031992656959,4
8082,0.8553031992656959,4
9282,0.8553031992656959,4
1440,0.8547199538827672,7
2460,0.8547199538827672,7
5170,0.8547199538827672,7
5330,0.8547199538827672,7
6950,0.8547199538827672,7
8390,0.8547199538827672,7
8700,0.8547199538827672,7
12890,0.8547199538827672,7
1728,0.8544204220946309,4
6578,0.8544204220946309,4
13078,0.8544204220946309,4
12821,0.8538507391952992,7
1320,0.8535539661757955,7
1520,0.8535539661757955,7
1910,0.8535539661757955,7
3520,0.8535539661757955,7
3630,0.8535539661757955,7
4200,0.8535539661757955,7
4380,0.8535539661757955,7
5660,0.8535539661757955,7
6000,0.8535539661757955,7
7670,0.8535539661757955,7
8850,0.8535539661757955,7
5019,0.8531575946219411,4
299,0.8529463762792744,4
3429,0.8529463762792744,4
3889,0.8529463762792744,4
4159,0.8529463762792744,4
5289,0.8529463762792744,4
6319,0.8529463762792744,4
7189,0.8529463762792744,4
7619,0.8529463762792744,4
12859,0.8529463762792744,4
416,0.8514345122058272,4
2486,0.8514345122058272,4
2606,0.8514345122058272,4
8616,0.8514345122058272,4
9126,0.8514345122058272,4
3131,0.8499707792207789,7
532,0.8499163326941893,7
1322,0.8499163326941893,7
2492,0.8499163326941893,7
3232,0.8499163326941893,7
3872,0.8499163326941893,7
4502,0.8499163326941893,7
6912,0.8499163326941893,7
7822,0.8499163326941893,7
5562,0.849502304612552,7
3333,0.8488638188010614,7
5903,0.8488638188010614,7
5923,0.8488638188010614,7
2672,0.8484338039397085,4
2752,0.8484338039397085,4
3862,0.8484338039397085,4
4332,0.8484338039397085,4
5252,0.8484338039397085,4
9072,0.8484338039397085,4
12912,0.8484338039397085,4
13102,0.8484338039397085,4
555,0.8484264361383194,10
3825,0.8484264361383194,10
4765,0.8484264361383194,10
5005,0.8484264361383194,10
5205,0.8484264361383194,10
6895,0.8484264361383194,10
8795,0.8484264361383194,10
1408,0.847989186456447,4
2098,0.847989186456447,4
3398,0.847989186456447,4
9298,0.847989186456447,4
2918,0.8469376967750268,10
2888,0.8467456473864574,4
3498,0.8467456473864574,4
9288,0.8467456473864574,4
1108,0.8465194950104735,4
1798,0.8465194950104735,4
2868,0.8465194950104735,4
3228,0.8465194950104735,4
4448,0.8465194950104735,4
4778,0.8465194950104735,4
7328,0.8465194950104735,4
7768,0.8465194950104735,4
7848,0.8465194950104735,4
7918,0.8465194950104735,4
8638,0.8465194950104735,4
9268,0.8465194950104735,4
20,0.8464018661261076,4
80,0.8464018661261076,4
900,0.8464018661261076,4
3670,0.8464018661261076,4
4410,0.8464018661261076,4
6970,0.8464018661261076,4
7060,0.8464018661261076,4
7130,0.8464018661261076,4
7370,0.8464018661261076,4
4049,0.8463458433584371,4
1130,0.8451888180681358,5
1738,0.845039679540395,4
2008,0.845039679540395,4
4178,0.845039679540395,4
4508,0.845039679540395,4
4818,0.845039679540395,4
5238,0.845039679540395,4
6888,0.845039679540395,4
7968,0.845039679540395,4
3873,0.8447219157085958,4
851,0.8441011342291135,4
2501,0.8441011342291135,4
2891,0.8441011342291135,4
3651,0.8441011342291135,4
4511,0.8441011342291135,4
5271,0.8441011342291135,4
8521,0.8441011342291135,4
9311,0.8441011342291135,4
1485,0.8436535859651195,7
2325,0.8436535859651195,7
2635,0.8436535859651195,7
3135,0.8436535859651195,7
3545,0.8436535859651195,7
3595,0.8436535859651195,7
3985,0.8436535859651195,7
4225,0.8436535859651195,7
4795,0.8436535859651195,7
5635,0.8436535859651195,7
6155,0.8436535859651195,7
6815,0.8436535859651195,7
7745,0.8436535859651195,7
8135,0.8436535859651195,7
8985,0.8436535859651195,7
3618,0.8435739873559547,2
4148,0.8435739873559547,2
5128,0.8435739873559547,2
6798,0.8435739873559547,2
9058,0.8435739873559547,2
1635,0.8433909267097012,7
5055,0.8433909267097012,7
314,0.8433669534818322,7
744,0.8433669534818322,7
1194,0.8433669534818322,7
2074,0.8433669534818322,7
3314,0.8433669534818322,7
3944,0.8433669534818322,7
5414,0.8433669534818322,7
5524,0.8433669534818322,7
5854,0.8433669534818322,7
6504,0.8433669534818322,7
6584,0.8433669534818322,7
8274,0.8433669534818322,7
9034,0.8433669534818322,7
12724,0.8433669534818322,7
12794,0.8433669534818322,7
1469,0.8431105406630257,10
7886,0.8424962784795149,4
1310,0.8418850371040426,6
1430,0.8418850371040426,6
3730,0.8418850371040426,6
6340,0.8418850371040426,6
3523,0.8417643329533441,4
6293,0.8417643329533441,4
6683,0.8417643329533441,4
9133,0.8417643329533441,4
663,0.841600202971107,4
1473,0.841600202971107,4
1563,0.841600202971107,4
1993,0.841600202971107,4
4153,0.841600202971107,4
6043,0.841600202971107,4
7233,0.841600202971107,4
8383,0.841600202971107,4
8623,0.841600202971107,4
12863,0.841600202971107,4
5603,0.841170964574208,4
8513,0.841170964574208,4
213,0.840792703540635,7
483,0.840792703540635,7
553,0.840792703540635,7
2653,0.840792703540635,7
4393,0.840792703540635,7
5173,0.840792703540635,7
5553,0.840792703540635,7
5773,0.840792703540635,7
5873,0.840792703540635,7
6653,0.840792703540635,7
7083,0.840792703540635,7
7763,0.840792703540635,7
2589,0.8400786408149845,4
2909,0.8400786408149845,4
6509,0.8400786408149845,4
8539,0.8400786408149845,4
13029,0.8400786408149845,4
1760,0.8399712287397924,4
2190,0.8399712287397924,4
7440,0.8399712287397924,4
194,0.8383602563469051,10
1814,0.8383602563469051,10
2774,0.8383602563469051,10
4804,0.8383602563469051,10
6334,0.8383602563469051,10
8484,0.8383602563469051,10
7813,0.8382560069946006,4
1517,0.8382282120084282,4
447,0.8375480162997967,4
2657,0.8375480162997967,4
2957,0.8375480162997967,4
4977,0.8375480162997967,4
5527,0.8375480162997967,4
6237,0.8375480162997967,4
7667,0.8375480162997967,4
8197,0.8375480162997967,4
8497,0.8375480162997967,4
9067,0.8375480162997967,4
4445,0.8374306852116975,10
679,0.8366115662020118,4
1249,0.8366115662020118,4
1459,0.8366115662020118,4
8069,0.8366115662020118,4
8259,0.8366115662020118,4
8376,0.8359792071963125,7
4990,0.8354935974291088,4
5380,0.8354935974291088,4
5940,0.8354935974291088,4
6350,0.8354935974291088,4
6760,0.8354935974291088,4
12800,0.8354935974291088,4
239,0.8350398613019678,7
409,0.8350398613019678,7
529,0.8350398613019678,7
979,0.8350398613019678,7
1029,0.8350398613019678,7
2289,0.8350398613019678,7
2519,0.8350398613019678,7
3469,0.8350398613019678,7
3819,0.8350398613019678,7
5129,0.8350398613019678,7
5169,0.8350398613019678,7
6959,0.8350398613019678,7
7349,0.8350398613019678,7
7389,0.8350398613019678,7
7429,0.8350398613019678,7
7879,0.8350398613019678,7
13169,0.8350398613019678,7
591,0.8348582496595403,4
3251,0.8348582496595403,4
5071,0.8348582496595403,4
9101,0.8348582496595403,4
4241,0.8348090159035861,7
6831,0.8348090159035861,7
7171,0.8348090159035861,7
9181,0.8348090159035861,7
1619,0.8344202804464641,4
3649,0.8344202804464641,4
4539,0.8344202804464641,4
4899,0.8344202804464641,4
5869,0.8344202804464641,4
5889,0.8344202804464641,4
6289,0.8344202804464641,4
7639,0.8344202804464641,4
13139,0.8344202804464641,4
116,0.8342039613961993,4
376,0.8342039613961993,4
2916,0.8342039613961993,4
5056,0.8342039613961993,4
5496,0.8342039613961993,4
5516,0.8342039613961993,4
5926,0.8342039613961993,4
6816,0.8342039613961993,4
7426,0.8342039613961993,4
7526,0.8342039613961993,4
12596,0.8342039613961993,4
2919,0.8342024752978761,7
5849,0.8342024752978761,7
12720,0.8342023362536503,7
2031,0.83400263678183,2
5356,0.8335533638514732,2
5536,0.8335533638514732,2
7746,0.8335533638514732,2
6167,0.8335444893736579,4
88,0.83329307477986,7
778,0.83329307477986,7
1828,0.83329307477986,7
5638,0.83329307477986,7
5938,0.83329307477986,7
6298,0.83329307477986,7
6448,0.83329307477986,7
6558,0.83329307477986,7
7278,0.83329307477986,7
7558,0.83329307477986,7
8068,0.83329307477986,7
8678,0.83329307477986,7
4400,0.8330955547137822,7
5483,0.8328147073992415,7
6353,0.8328147073992415,7
7163,0.8328147073992415,7
12543,0.8328147073992415,7
13033,0.8328147073992415,7
25,0.8325412635084412,4
1385,0.8325412635084412,4
1655,0.8325412635084412,4
1955,0.8325412635084412,4
2225,0.8325412635084412,4
3705,0.8325412635084412,4
8395,0.8325412635084412,4
7500,0.832407518720649,2
9190,0.832407518720649,2
6819,0.8323200087282013,7
1625,0.832204371733201,4
3175,0.832204371733201,4
8125,0.832204371733201,4
13045,0.832204371733201,4
6978,0.8317881470462837,2
9248,0.8317881470462837,2
24,0.8315079356920885,2
7994,0.8315079356920885,2
7014,0.831227883794169,4
2436,0.8311429400380806,4
2072,0.8306259306226578,6
3552,0.8306259306226578,6
7212,0.8306259306226578,6
7382,0.8306259306226578,6
7113,0.8304545509364182,7
561,0.8302679160913599,7
1081,0.8302679160913599,7
1781,0.8302679160913599,7
2261,0.8302679160913599,7
3261,0.8302679160913599,7
3641,0.8302679160913599,7
6411,0.8302679160913599,7
6521,0.8302679160913599,7
7241,0.8302679160913599,7
7541,0.8302679160913599,7
8971,0.8302679160913599,7
7797,0.8302569502490925,2
8204,0.8297605751627861,5
170,0.8290269920373785,4
380,0.8290269920373785,4
1400,0.8290269920373785,4
3400,0.8290269920373785,4
5450,0.8290269920373785,4
5750,0.8290269920373785,4
7040,0.8290269920373785,4
7980,0.8290269920373785,4
8490,0.8290269920373785,4
13000,0.8290269920373785,4
3668,0.8280058413359247,4
4248,0.8280058413359247,4
7998,0.8280058413359247,4
12668,0.8280058413359247,4
1511,0.8279147454301579,2
6541,0.8279147454301579,2
2684,0.8276251366612741,4
3294,0.8276251366612741,4
4464,0.8276251366612741,4
5394,0.8276251366612741,4
5614,0.8276251366612741,4
5834,0.8276251366612741,4
1479,0.8273012460456496,2
214,0.8272705973502186,7
3704,0.8272705973502186,7
6874,0.8272705973502186,7
71,0.8251066893124483,4
931,0.8251066893124483,4
1521,0.8251066893124483,4
1961,0.8251066893124483,4
1981,0.8251066893124483,4
4341,0.8251066893124483,4
4581,0.8251066893124483,4
5991,0.8251066893124483,4
7201,0.8251066893124483,4
8631,0.8251066893124483,4
8881,0.8251066893124483,4
12861,0.8251066893124483,4
13111,0.8251066893124483,4
77,0.8244129192635543,4
3127,0.8244129192635543,4
3867,0.8244129192635543,4
4727,0.8244129192635543,4
5467,0.8244129192635543,4
7897,0.8244129192635543,4
1253,0.8235226799289163,7
1857,0.823306664890461,7
44,0.8229988697405601,7
5149,0.8217965376335343,4
7698,0.8213793140365471,4
9318,0.8213793140365471,4
1588,0.820763112234292,4
6508,0.820763112234292,4
1349,0.8203332753264789,6
2749,0.8203332753264789,6
4479,0.8203332753264789,6
4939,0.8203332753264789,6
5689,0.8203332753264789,6
8059,0.8203332753264789,6
9289,0.8203332753264789,6
12809,0.8203332753264789,6
12839,0.8203332753264789,6
1744,0.8202993326333109,4
8844,0.8202993326333109,4
9234,0.8201764289150294,7
600,0.8195299629317635,4
1620,0.8195299629317635,4
12640,0.8195299629317635,4
3456,0.8194551167309762,7
4476,0.8194551167309762,7
175,0.8190523949476433,10
6465,0.8190523949476433,10
7765,0.8190523949476433,10
3132,0.8182167249757132,4
4002,0.8182167249757132,4
5052,0.8182167249757132,4
6742,0.8182167249757132,4
456,0.8181499488809867,4
2136,0.8181499488809867,4
5936,0.8181499488809867,4
7076,0.8181499488809867,4
7379,0.8180402304980267,2
66,0.8174430024682531,7
186,0.8174430024682531,7
756,0.8174430024682531,7
1876,0.8174430024682531,7
3946,0.8174430024682531,7
5186,0.8174430024682531,7
5476,0.8174430024682531,7
6106,0.8174430024682531,7
6206,0.8174430024682531,7
7366,0.8174430024682531,7
7406,0.8174430024682531,7
7726,0.8174430024682531,7
7756,0.8174430024682531,7
8496,0.8174430024682531,7
8746,0.8174430024682531,7
8856,0.8174430024682531,7
8886,0.8174430024682531,7
1122,0.8165646496738566,4
1982,0.8165646496738566,4
2522,0.8165646496738566,4
3632,0.8165646496738566,4
5072,0.8165646496738566,4
7272,0.8165646496738566,4
7812,0.8165646496738566,4
9042,0.8165646496738566,4
9312,0.8165646496738566,4
1423,0.8163449110583363,4
4603,0.8163449110583363,4
7213,0.8163449110583363,4
8373,0.8163449110583363,4
51,0.8159356977693711,7
301,0.8159356977693711,7
691,0.8159356977693711,7
3071,0.8159356977693711,7
3671,0.8159356977693711,7
7041,0.8159356977693711,7
8713,0.8157821850619031,4
13120,0.8153008941111812,7
4192,0.8149753052797185,4
8952,0.8149753052797185,4
2257,0.8137837231758127,2
2477,0.8137837231758127,2
5507,0.8137837231758127,2
238,0.8132540559025307,6
2078,0.8132540559025307,6
4268,0.8132540559025307,6
5458,0.8132540559025307,6
5888,0.8132540559025307,6
6118,0.8132540559025307,6
6338,0.8132540559025307,6
6858,0.8132540559025307,6
7428,0.8132540559025307,6
8908,0.8132540559025307,6
9038,0.8132540559025307,6
9188,0.8132540559025307,6
927,0.8130304102977111,4
6837,0.8130304102977111,4
1887,0.8124946719946722,8
4214,0.8123019427807983,4
8832,0.8122870501200475,6
12642,0.8122870501200475,6
2995,0.8117779963000824,4
3195,0.8117779963000824,4
3855,0.8117779963000824,4
5415,0.8117779963000824,4
5575,0.8117779963000824,4
6335,0.8117779963000824,4
6525,0.8117779963000824,4
6985,0.8117779963000824,4
7065,0.8117779963000824,4
7185,0.8117779963000824,4
7415,0.8117779963000824,4
7825,0.8117779963000824,4
12605,0.8117779963000824,4
12695,0.8117779963000824,4
1545,0.8116536065653829,1
13071,0.811590612861125,7
167,0.8112659759724075,7
247,0.8112659759724075,7
907,0.8112659759724075,7
1187,0.8112659759724075,7
1267,0.8112659759724075,7
1667,0.8112659759724075,7
2537,0.8112659759724075,7
6277,0.8112659759724075,7
7587,0.8112659759724075,7
7597,0.8112659759724075,7
8187,0.8112659759724075,7
8407,0.8112659759724075,7
8507,0.8112659759724075,7
12757,0.8112659759724075,7
2670,0.8108544965131087,7
3140,0.8108544965131087,7
2204,0.8106336711257623,4
1570,0.810528079097016,4
6194,0.8103630225124033,6
327,0.8103511067771992,4
527,0.8103511067771992,4
817,0.8103511067771992,4
1207,0.8103511067771992,4
2337,0.8103511067771992,4
4227,0.8103511067771992,4
6887,0.8103511067771992,4
844,0.8102807835769541,4
1044,0.8102807835769541,4
1724,0.8102807835769541,4
2284,0.8102807835769541,4
4724,0.8102807835769541,4
5894,0.8102807835769541,4
8104,0.8102807835769541,4
9204,0.8102807835769541,4
12764,0.8102807835769541,4
930,0.8102215978535938,7
1970,0.8102215978535938,7
2260,0.8102215978535938,7
3470,0.8102215978535938,7
3560,0.8102215978535938,7
4240,0.8102215978535938,7
4430,0.8102215978535938,7
5790,0.8102215978535938,7
5890,0.8102215978535938,7
6020,0.8102215978535938,7
6230,0.8102215978535938,7
8170,0.8102215978535938,7
13030,0.8102215978535938,7
6019,0.8097119922515783,4
7969,0.8097119922515783,4
303,0.8096617655775147,6
1123,0.8096617655775147,6
1823,0.8096617655775147,6
2693,0.8096617655775147,6
3853,0.8096617655775147,6
3883,0.8096617655775147,6
5403,0.8096617655775147,6
5613,0.8096617655775147,6
7043,0.8096617655775147,6
8743,0.8096617655775147,6
2399,0.8089584133073398,5
428,0.8088004213926989,6
1098,0.8088004213926989,6
1218,0.8088004213926989,6
4478,0.8088004213926989,6
5438,0.8088004213926989,6
6288,0.8088004213926989,6
7038,0.8088004213926989,6
7048,0.8088004213926989,6
168,0.8085771586544286,7
328,0.8085771586544286,7
908,0.8085771586544286,7
8588,0.8085771586544286,7
1484,0.8085182653306023,1
2234,0.8085182653306023,1
6044,0.8085182653306023,1
6714,0.8085182653306023,1
1581,0.8073437481911473,4
3151,0.8073437481911473,4
9141,0.8073437481911473,4
13041,0.8073437481911473,4
6096,0.807026124414019,2
333,0.8061016774468169,4
4303,0.8061016774468169,4
5063,0.8061016774468169,4
6203,0.8061016774468169,4
6493,0.8061016774468169,4
6873,0.8061016774468169,4
8803,0.8061016774468169,4
8873,0.8061016774468169,4
7033,0.8057749688392104,4
597,0.8056955747090234,4
3087,0.8056955747090234,4
3229,0.8055409507144939,4
218,0.8053273546106228,4
4408,0.8053273546106228,4
5217,0.8052697185724186,2
284,0.805241445658353,7
294,0.805241445658353,7
574,0.805241445658353,7
674,0.805241445658353,7
1134,0.805241445658353,7
1404,0.805241445658353,7
4244,0.805241445658353,7
4374,0.805241445658353,7
6394,0.805241445658353,7
7104,0.805241445658353,7
7744,0.805241445658353,7
8574,0.805241445658353,7
13074,0.805241445658353,7
1164,0.805161952174387,4
1754,0.805161952174387,4
6744,0.805161952174387,4
7724,0.805161952174387,4
7934,0.805161952174387,4
8434,0.805161952174387,4
3395,0.8044059988431438,7
8205,0.8044059988431438,7
8575,0.8044059988431438,7
8735,0.8044059988431438,7
8755,0.8044059988431438,7
1278,0.8037706380755243,2
7098,0.8037706380755243,2
1445,0.803265149150701,4
2595,0.803265149150701,4
3365,0.803265149150701,4
5155,0.803265149150701,4
5555,0.803265149150701,4
801,0.8029340114859754,7
8031,0.8029340114859754,7
7316,0.8025552284015314,4
36,0.8020065999702258,4
836,0.8020065999702258,4
976,0.8020065999702258,4
1386,0.8020065999702258,4
1746,0.8020065999702258,4
1766,0.8020065999702258,4
4036,0.8020065999702258,4
5416,0.8020065999702258,4
6986,0.8020065999702258,4
8236,0.8020065999702258,4
9316,0.8020065999702258,4
9326,0.8020065999702258,4
6505,0.8019504199870279,7
562,0.8016753563082267,4
1392,0.8016753563082267,4
1462,0.8016753563082267,4
1752,0.8016753563082267,4
2362,0.8016753563082267,4
3092,0.8016753563082267,4
3712,0.8016753563082267,4
5082,0.8016753563082267,4
5932,0.8016753563082267,4
6312,0.8016753563082267,4
7092,0.8016753563082267,4
7112,0.8016753563082267,4
7562,0.8016753563082267,4
8372,0.8016753563082267,4
8982,0.8016753563082267,4
3270,0.8015881482023255,7
4750,0.8015881482023255,7
6360,0.8015881482023255,7
6520,0.8015881482023255,7
6530,0.8015881482023255,7
8200,0.8015881482023255,7
2303,0.8014235366279102,4
6423,0.8014235366279102,4
13083,0.8014235366279102,4
258,0.8007438768764473,4
648,0.8007438768764473,4
1838,0.8007438768764473,4
2898,0.8007438768764473,4
2938,0.8007438768764473,4
2968,0.8007438768764473,4
5528,0.8007438768764473,4
6018,0.8007438768764473,4
6358,0.8007438768764473,4
6628,0.8007438768764473,4
6958,0.8007438768764473,4
7418,0.8007438768764473,4
12898,0.8007438768764473,4
13028,0.8007438768764473,4
1106,0.8002835703361767,4
7748,0.7999834884328838,7
12688,0.7999834884328838,7
13128,0.7999834884328838,7
2330,0.7994414986029367,6
2970,0.7994414986029367,6
3830,0.7994414986029367,6
4630,0.7994414986029367,6
5840,0.7994414986029367,6
13200,0.7994414986029367,6
549,0.798487605782008,7
729,0.798487605782008,7
3449,0.798487605782008,7
4039,0.798487605782008,7
4189,0.798487605782008,7
4309,0.798487605782008,7
4549,0.798487605782008,7
6269,0.798487605782008,7
6639,0.798487605782008,7
6709,0.798487605782008,7
7299,0.798487605782008,7
7399,0.798487605782008,7
7569,0.798487605782008,7
7899,0.798487605782008,7
9049,0.798487605782008,7
9079,0.798487605782008,7
12879,0.798487605782008,7
12889,0.798487605782008,7
13159,0.798487605782008,7
7464,0.7984574044674624,4
243,0.798142498341118,7
2593,0.798142498341118,7
3663,0.798142498341118,7
12703,0.798142498341118,7
12542,0.7976099355459894,7
3681,0.7972075538516761,6
3771,0.7972075538516761,6
4171,0.7972075538516761,6
4461,0.7972075538516761,6
12801,0.7972075538516761,6
13151,0.7972075538516761,6
242,0.7970112484936219,7
572,0.7970112484936219,7
2252,0.7970112484936219,7
2312,0.7970112484936219,7
2722,0.7970112484936219,7
3332,0.7970112484936219,7
3382,0.7970112484936219,7
3832,0.7970112484936219,7
5852,0.7970112484936219,7
6582,0.7970112484936219,7
9032,0.7970112484936219,7
12922,0.7970112484936219,7
623,0.7958373641570634,7
1583,0.7958373641570634,7
1673,0.7958373641570634,7
1893,0.7958373641570634,7
1943,0.7958373641570634,7
2113,0.7958373641570634,7
2513,0.7958373641570634,7
3703,0.7958373641570634,7
4733,0.7958373641570634,7
4903,0.7958373641570634,7
6363,0.7958373641570634,7
6903,0.7958373641570634,7
7103,0.7958373641570634,7
7493,0.7958373641570634,7
8653,0.7958373641570634,7
8903,0.7958373641570634,7
9313,0.7958373641570634,7
3379,0.7957193698943352,7
8869,0.7957193698943352,7
3585,0.7951565281461902,6
5435,0.7951565281461902,6
8889,0.794844944616936,2
272,0.7946554213469099,7
1152,0.7946554213469099,7
2082,0.7946554213469099,7
3462,0.7946554213469099,7
4032,0.7946554213469099,7
5322,0.7946554213469099,7
8572,0.7946554213469099,7
9222,0.7946554213469099,7
720,0.7942080167733333,6
5360,0.7942080167733333,6
7220,0.7942080167733333,6
818,0.7935675074821428,7
1608,0.7935675074821428,7
1698,0.7935675074821428,7
2408,0.7935675074821428,7
2908,0.7935675074821428,7
4888,0.7935675074821428,7
5388,0.7935675074821428,7
5998,0.7935675074821428,7
960,0.7930202114193138,6
6280,0.7930202114193138,6
6660,0.7930202114193138,6
8110,0.7930202114193138,6
9200,0.7930202114193138,6
5621,0.7927494077764379,7
94,0.792581149373075,7
104,0.792581149373075,7
634,0.792581149373075,7
784,0.792581149373075,7
1064,0.792581149373075,7
2574,0.792581149373075,7
3134,0.792581149373075,7
3154,0.792581149373075,7
3204,0.792581149373075,7
3754,0.792581149373075,7
3904,0.792581149373075,7
4364,0.792581149373075,7
4404,0.792581149373075,7
4644,0.792581149373075,7
5214,0.792581149373075,7
5954,0.792581149373075,7
6824,0.792581149373075,7
7124,0.792581149373075,7
7164,0.792581149373075,7
8724,0.792581149373075,7
9284,0.792581149373075,7
12774,0.792581149373075,7
1596,0.7923851811436332,4
7986,0.7923851811436332,4
393,0.7919715208075948,4
413,0.7919715208075948,4
3843,0.7919715208075948,4
4253,0.7919715208075948,4
5503,0.7919715208075948,4
6263,0.7919715208075948,4
6713,0.7919715208075948,4
827,0.7909332378814402,4
7317,0.7909332378814402,4
12547,0.7909332378814402,4
1020,0.7907369359350482,7
5510,0.7907369359350482,7
7940,0.7907369359350482,7
12819,0.7903747909906237,4
184,0.789408656560095,10
2064,0.789408656560095,10
2134,0.789408656560095,10
3604,0.789408656560095,10
4664,0.789408656560095,10
4924,0.789408656560095,10
8634,0.789408656560095,10
8704,0.789408656560095,10
8864,0.789408656560095,10
9024,0.789408656560095,10
1663,0.7892059150000327,4
149,0.7878322451083836,4
169,0.7878322451083836,4
359,0.7878322451083836,4
1079,0.7878322451083836,4
1149,0.7878322451083836,4
1209,0.7878322451083836,4
2149,0.7878322451083836,4
2609,0.7878322451083836,4
3419,0.7878322451083836,4
4289,0.7878322451083836,4
5349,0.7878322451083836,4
5469,0.7878322451083836,4
6219,0.7878322451083836,4
6329,0.7878322451083836,4
6469,0.7878322451083836,4
6599,0.7878322451083836,4
6769,0.7878322451083836,4
7229,0.7878322451083836,4
8099,0.7878322451083836,4
8169,0.7878322451083836,4
9309,0.7878322451083836,4
12669,0.7878322451083836,4
6145,0.7873650428155311,7
9055,0.7873650428155311,7
3444,0.7870833395877908,6
3824,0.7870833395877908,6
4474,0.7870833395877908,6
5964,0.7870833395877908,6
6164,0.7870833395877908,6
7334,0.7870833395877908,6
8584,0.7870833395877908,6
9014,0.7870833395877908,6
12994,0.7868516761016764,10
1717,0.7866515113411853,4
4427,0.7866515113411853,4
6847,0.7866515113411853,4
1428,0.7865731199903013,4
3128,0.7865731199903013,4
5908,0.7865731199903013,4
13148,0.7865731199903013,4
1158,0.7865670067546631,4
2748,0.7865670067546631,4
3738,0.7865670067546631,4
5028,0.7865670067546631,4
5328,0.7865670067546631,4
5798,0.7865670067546631,4
6688,0.7865670067546631,4
7788,0.7865670067546631,4
12708,0.7865670067546631,4
3380,0.7859908998323099,4
12790,0.7859908998323099,4
940,0.7859019755133047,4
1720,0.7859019755133047,4
1730,0.7859019755133047,4
2290,0.7859019755133047,4
3260,0.7859019755133047,4
4370,0.7859019755133047,4
5540,0.7859019755133047,4
5980,0.7859019755133047,4
6840,0.7859019755133047,4
6990,0.7859019755133047,4
7010,0.7859019755133047,4
7050,0.7859019755133047,4
7550,0.7859019755133047,4
7930,0.7859019755133047,4
8180,0.7859019755133047,4
8370,0.7859019755133047,4
785,0.7852679403109596,7
1115,0.7852679403109596,7
1345,0.7852679403109596,7
1425,0.7852679403109596,7
1675,0.7852679403109596,7
1985,0.7852679403109596,7
1995,0.7852679403109596,7
2165,0.7852679403109596,7
2535,0.7852679403109596,7
2545,0.7852679403109596,7
3015,0.7852679403109596,7
3165,0.7852679403109596,7
3635,0.7852679403109596,7
3845,0.7852679403109596,7
4015,0.7852679403109596,7
6355,0.7852679403109596,7
7675,0.7852679403109596,7
8315,0.7852679403109596,7
8585,0.7852679403109596,7
8975,0.7852679403109596,7
12565,0.7852679403109596,7
12725,0.7852679403109596,7
12835,0.7852679403109596,7
13065,0.7852679403109596,7
1183,0.7848219321241242,2
3903,0.7848219321241242,2
5323,0.7848219321241242,2
5653,0.7848219321241242,2
6153,0.7848219321241242,2
4599,0.7835146470222807,7
12709,0.7835146470222807,7
203,0.7833097571498396,7
3923,0.7833097571498396,7
12733,0.7833097571498396,7
2251,0.7829029478077056,6
2441,0.7829029478077056,6
9051,0.7829029478077056,6
904,0.7825593023271761,4
1394,0.7825593023271761,4
3594,0.7825593023271761,4
5174,0.7825593023271761,4
6264,0.7825593023271761,4
211,0.7823491103466053,4
1661,0.7823491103466053,4
1821,0.7823491103466053,4
1861,0.7823491103466053,4
2881,0.7823491103466053,4
3191,0.7823491103466053,4
5181,0.7823491103466053,4
5341,0.7823491103466053,4
6041,0.7823491103466053,4
6191,0.7823491103466053,4
6241,0.7823491103466053,4
6611,0.7823491103466053,4
6731,0.7823491103466053,4
7501,0.7823491103466053,4
7831,0.7823491103466053,4
7971,0.7823491103466053,4
8491,0.7823491103466053,4
9271,0.7823491103466053,4
12951,0.7823491103466053,4
3075,0.7820150095774201,7
6255,0.7820150095774201,7
1493,0.7816322165014161,6
1683,0.7816322165014161,6
4571,0.7814498874414711,4
5591,0.7814498874414711,4
7931,0.7814498874414711,4
7961,0.7814498874414711,4
3558,0.7813062807002475,7
7808,0.7813062807002475,7
3116,0.7807104604631492,6
7826,0.7807104604631492,6
7966,0.7807104604631492,6
7976,0.7807104604631492,6
8036,0.7807104604631492,6
5224,0.7804855534372582,6
8114,0.7804855534372582,6
2845,0.7792042864855848,1
4525,0.7792042864855848,1
670,0.7789244286294938,7
8243,0.7786904761904764,6
2901,0.7779036676549391,4
4764,0.7775887445887446,4
909,0.7767023362536503,7
3222,0.7764590964590965,4
4132,0.7763386310975885,4
1227,0.7755783165325185,6
1487,0.7755783165325185,6
2297,0.7755783165325185,6
3997,0.7755783165325185,6
4177,0.7755783165325185,6
4847,0.7755783165325185,6
5157,0.7755783165325185,6
5197,0.7755783165325185,6
6117,0.7755783165325185,6
6487,0.7755783165325185,6
7007,0.7755783165325185,6
7287,0.7755783165325185,6
7447,0.7755783165325185,6
7977,0.7755783165325185,6
8127,0.7755783165325185,6
12617,0.7755783165325185,6
3865,0.7752570091087196,1
6085,0.7752570091087196,1
877,0.7741246794098299,4
7747,0.7741246794098299,4
3183,0.774072970268202,6
3583,0.774072970268202,6
4023,0.774072970268202,6
8412,0.773913099245465,7
544,0.7735102855741259,6
1304,0.7735102855741259,6
2334,0.7735102855741259,6
2724,0.7735102855741259,6
4564,0.7735102855741259,6
5294,0.7735102855741259,6
5544,0.7735102855741259,6
5584,0.7735102855741259,6
5814,0.7735102855741259,6
5944,0.7735102855741259,6
6244,0.7735102855741259,6
6574,0.7735102855741259,6
7204,0.7735102855741259,6
7244,0.7735102855741259,6
7534,0.7735102855741259,6
2756,0.7734580140735955,7
5006,0.7734580140735955,7
166,0.7734434403709082,4
686,0.7734434403709082,4
1006,0.7734434403709082,4
3156,0.7734434403709082,4
5016,0.7734434403709082,4
8786,0.7734434403709082,4
9216,0.7734434403709082,4
465,0.7730139286815794,1
13091,0.7728183480812068,6
972,0.7725330040286,6
2942,0.7725330040286,6
3612,0.7725330040286,6
4472,0.7725330040286,6
5612,0.7725330040286,6
5742,0.7725330040286,6
8942,0.7725330040286,6
9232,0.7725330040286,6
4608,0.7724365562560745,6
4928,0.7724365562560745,6
8428,0.7724365562560745,6
789,0.7722195919918906,6
1379,0.7722195919918906,6
4739,0.7722195919918906,6
7149,0.7722195919918906,6
9329,0.7722195919918906,6
12919,0.7722195919918906,6
1275,0.77176073683969,1
803,0.771146526217729,4
1443,0.771146526217729,4
1282,0.7710840684580924,4
1742,0.7710840684580924,4
2392,0.7710840684580924,4
2882,0.7710840684580924,4
2962,0.7710840684580924,4
3722,0.7710840684580924,4
5492,0.7710840684580924,4
5522,0.7710840684580924,4
6122,0.7710840684580924,4
6392,0.7710840684580924,4
7062,0.7710840684580924,4
7302,0.7710840684580924,4
8152,0.7710840684580924,4
8842,0.7710840684580924,4
8963,0.7710764668476532,5
1111,0.7710609385714026,7
1151,0.7710609385714026,7
1991,0.7710609385714026,7
3561,0.7710609385714026,7
5701,0.7710609385714026,7
5781,0.7710609385714026,7
6221,0.7710609385714026,7
6461,0.7710609385714026,7
7121,0.7710609385714026,7
7461,0.7710609385714026,7
7531,0.7710609385714026,7
9041,0.7710609385714026,7
1113,0.7705719632850677,4
1573,0.7705719632850677,4
2533,0.7705719632850677,4
7433,0.7705719632850677,4
620,0.7703310531200319,7
1820,0.7703310531200319,7
1850,0.7703310531200319,7
3120,0.7703310531200319,7
3460,0.7703310531200319,7
4460,0.7703310531200319,7
1375,0.7693189245341849,6
1525,0.7693189245341849,6
4625,0.7693189245341849,6
4885,0.7693189245341849,6
5475,0.7693189245341849,6
6065,0.7693189245341849,6
266,0.7688893322303124,7
276,0.7688893322303124,7
1316,0.7688893322303124,7
1556,0.7688893322303124,7
1796,0.7688893322303124,7
1836,0.7688893322303124,7
2236,0.7688893322303124,7
3246,0.7688893322303124,7
3676,0.7688893322303124,7
4986,0.7688893322303124,7
6566,0.7688893322303124,7
8396,0.7688893322303124,7
8586,0.7688893322303124,7
9276,0.7688893322303124,7
12656,0.7688893322303124,7
12816,0.7688893322303124,7
12876,0.7688893322303124,7
13036,0.7688893322303124,7
13126,0.7688893322303124,7
4591,0.76839623078579,7
1323,0.7683813505903019,10
3403,0.7683813505903019,10
8904,0.7667990886227889,7
1096,0.7662042957363591,6
1196,0.7662042957363591,6
1646,0.7662042957363591,6
2266,0.7662042957363591,6
2576,0.7662042957363591,6
3236,0.7662042957363591,6
3396,0.7662042957363591,6
4506,0.7662042957363591,6
5986,0.7662042957363591,6
8046,0.7662042957363591,6
12606,0.7662042957363591,6
12826,0.7662042957363591,6
13166,0.7662042957363591,6
604,0.7660450191877481,4
834,0.7660450191877481,4
964,0.7660450191877481,4
1314,0.7660450191877481,4
1684,0.7660450191877481,4
2104,0.7660450191877481,4
2404,0.7660450191877481,4
2694,0.7660450191877481,4
3034,0.7660450191877481,4
3244,0.7660450191877481,4
3384,0.7660450191877481,4
4294,0.7660450191877481,4
6804,0.7660450191877481,4
7414,0.7660450191877481,4
7594,0.7660450191877481,4
8064,0.7660450191877481,4
8894,0.7660450191877481,4
8219,0.7658576146076141,5
6252,0.7658336801002519,4
8722,0.7658336801002519,4
1186,0.7657559790456802,7
2326,0.7657398506558731,7
2649,0.7655576682026479,4
4319,0.7655576682026479,4
5139,0.7655576682026479,4
6869,0.7655576682026479,4
7409,0.7655576682026479,4
277,0.7655180655656243,4
287,0.7655180655656243,4
317,0.7655180655656243,4
427,0.7655180655656243,4
1757,0.7655180655656243,4
2177,0.7655180655656243,4
2547,0.7655180655656243,4
2807,0.7655180655656243,4
2967,0.7655180655656243,4
3577,0.7655180655656243,4
4417,0.7655180655656243,4
4517,0.7655180655656243,4
4837,0.7655180655656243,4
5077,0.7655180655656243,4
6447,0.7655180655656243,4
6927,0.7655180655656243,4
8807,0.7655180655656243,4
9047,0.7655180655656243,4
12577,0.7655180655656243,4
13027,0.7655180655656243,4
2661,0.7648140557843862,7
455,0.7646948046029499,7
685,0.7646948046029499,7
1845,0.7646948046029499,7
3275,0.7646948046029499,7
3495,0.7646948046029499,7
4915,0.7646948046029499,7
4955,0.7646948046029499,7
6095,0.7646948046029499,7
583,0.7641290215770149,4
673,0.7641290215770149,4
693,0.7641290215770149,4
1723,0.7641290215770149,4
3043,0.7641290215770149,4
3613,0.7641290215770149,4
4223,0.7641290215770149,4
4273,0.7641290215770149,4
5253,0.7641290215770149,4
5693,0.7641290215770149,4
5723,0.7641290215770149,4
5883,0.7641290215770149,4
5953,0.7641290215770149,4
6303,0.7641290215770149,4
8343,0.7641290215770149,4
8913,0.7641290215770149,4
9183,0.7641290215770149,4
1937,0.7632747476306132,4
2397,0.7632747476306132,4
2727,0.7632747476306132,4
3067,0.7632747476306132,4
3437,0.7632747476306132,4
4067,0.7632747476306132,4
4657,0.7632747476306132,4
5787,0.7632747476306132,4
5967,0.7632747476306132,4
7647,0.7632747476306132,4
7837,0.7632747476306132,4
8837,0.7632747476306132,4
9137,0.7632747476306132,4
12597,0.7632747476306132,4
1247,0.7630133573348633,4
1867,0.7630133573348633,4
2127,0.7630133573348633,4
3327,0.7630133573348633,4
3977,0.7630133573348633,4
5207,0.7630133573348633,4
6697,0.7630133573348633,4
6917,0.7630133573348633,4
7537,0.7630133573348633,4
8607,0.7630133573348633,4
9217,0.7630133573348633,4
12717,0.7630133573348633,4
12967,0.7630133573348633,4
13067,0.7630133573348633,4
6843,0.7629354071026178,7
1467,0.7627857828082345,4
665,0.7627719698767551,6
4265,0.7627719698767551,6
5975,0.7627719698767551,6
6115,0.7627719698767551,6
6595,0.7627719698767551,6
8005,0.7627719698767551,6
12805,0.7627719698767551,6
55,0.762650092347749,1
385,0.762650092347749,1
855,0.762650092347749,1
1145,0.762650092347749,1
1475,0.762650092347749,1
1885,0.762650092347749,1
2905,0.762650092347749,1
3385,0.762650092347749,1
4095,0.762650092347749,1
4555,0.762650092347749,1
4905,0.762650092347749,1
5045,0.762650092347749,1
5265,0.762650092347749,1
8045,0.762650092347749,1
8255,0.762650092347749,1
8625,0.762650092347749,1
15,0.7623372145122336,4
875,0.7623372145122336,4
1835,0.7623372145122336,4
2245,0.7623372145122336,4
2315,0.7623372145122336,4
2945,0.7623372145122336,4
3805,0.7623372145122336,4
4035,0.7623372145122336,4
4395,0.7623372145122336,4
4425,0.7623372145122336,4
5325,0.7623372145122336,4
6865,0.7623372145122336,4
7085,0.7623372145122336,4
7645,0.7623372145122336,4
8595,0.7623372145122336,4
8775,0.7623372145122336,4
8785,0.7623372145122336,4
9005,0.7623372145122336,4
196,0.7621712189909025,4
476,0.7621712189909025,4
956,0.7621712189909025,4
1166,0.7621712189909025,4
1776,0.7621712189909025,4
3186,0.7621712189909025,4
3916,0.7621712189909025,4
6166,0.7621712189909025,4
6626,0.7621712189909025,4
6866,0.7621712189909025,4
7146,0.7621712189909025,4
8836,0.7621712189909025,4
13136,0.7621712189909025,4
3655,0.7619745624213702,1
4585,0.7619745624213702,1
8555,0.7619745624213702,1
1897,0.7617376225307945,4
4367,0.7617376225307945,4
4877,0.7617376225307945,4
5593,0.7616666666666667,4
3972,0.7615325011448913,5
6472,0.7615325011448913,5
7517,0.7610955975886289,9
980,0.7608914032945729,4
1370,0.7608914032945729,4
2180,0.7608914032945729,4
2300,0.7608914032945729,4
2620,0.7608914032945729,4
2690,0.7608914032945729,4
3010,0.7608914032945729,4
3700,0.7608914032945729,4
3770,0.7608914032945729,4
6720,0.7608914032945729,4
7270,0.7608914032945729,4
7910,0.7608914032945729,4
8610,0.7608914032945729,4
8930,0.7608914032945729,4
9030,0.7608914032945729,4
9110,0.7608914032945729,4
9280,0.7608914032945729,4
7487,0.7604119068348559,7
2498,0.7601583477909883,4
6398,0.7601583477909883,4
8528,0.7601583477909883,4
12858,0.7601583477909883,4
8954,0.7585357335708707,7
965,0.7584893487260135,10
3405,0.7584893487260135,10
3835,0.7584893487260135,10
4175,0.7584893487260135,10
4365,0.7584893487260135,10
5165,0.7584893487260135,10
5175,0.7584893487260135,10
5235,0.7584893487260135,10
5405,0.7584893487260135,10
6555,0.7584893487260135,10
6575,0.7584893487260135,10
6705,0.7584893487260135,10
7405,0.7584893487260135,10
8545,0.7584893487260135,10
8845,0.7584893487260135,10
12915,0.7584893487260135,10
1137,0.7582849735760613,4
1761,0.7581462851532863,4
1791,0.7581462851532863,4
2611,0.7581462851532863,4
5031,0.7581462851532863,4
6071,0.7581462851532863,4
6431,0.7581462851532863,4
6591,0.7581462851532863,4
7341,0.7581462851532863,4
8101,0.7581462851532863,4
9331,0.7581462851532863,4
4814,0.7578928571428573,4
2737,0.7578305007057399,6
2837,0.7578305007057399,6
5547,0.7578305007057399,6
5627,0.7578305007057399,6
7497,0.7578305007057399,6
2383,0.7570490973392927,4
4083,0.7570490973392927,4
13183,0.7570490973392927,4
3926,0.7567472820099083,2
4913,0.7558375991193331,4
5163,0.7558375991193331,4
799,0.7554349215979904,7
2549,0.7554349215979904,7
4249,0.7554349215979904,7
4849,0.7554349215979904,7
4949,0.7554349215979904,7
5119,0.7554349215979904,7
7529,0.7554349215979904,7
8529,0.7554349215979904,7
8639,0.7554349215979904,7
8659,0.7554349215979904,7
8989,0.7554349215979904,7
9269,0.7554349215979904,7
1004,0.7553265152817691,1
5364,0.7553265152817691,1
1825,0.7547720376810839,1
2755,0.7547720376810839,1
4085,0.7547720376810839,1
8825,0.7547720376810839,1
4679,0.754501323043428,7
6089,0.7542710915245745,4
9,0.754128271678285,4
659,0.754128271678285,4
1739,0.754128271678285,4
2079,0.754128271678285,4
2949,0.754128271678285,4
3009,0.754128271678285,4
3139,0.754128271678285,4
4979,0.754128271678285,4
5629,0.754128271678285,4
7169,0.754128271678285,4
7719,0.754128271678285,4
7929,0.754128271678285,4
8739,0.754128271678285,4
3652,0.75388719069912,6
3568,0.7535933607916095,7
5228,0.7535933607916095,7
5678,0.7535933607916095,7
8418,0.7535933607916095,7
13038,0.7535933607916095,7
2125,0.7533472078391727,4
1956,0.7532233442769091,4
2646,0.7532233442769091,4
3056,0.7532233442769091,4
5116,0.7532233442769091,4
6146,0.7532233442769091,4
7166,0.7532233442769091,4
9106,0.7532233442769091,4
944,0.7530644317042318,7
2644,0.7530644317042318,7
3554,0.7530644317042318,7
3664,0.7530644317042318,7
6964,0.7530644317042318,7
7004,0.7530644317042318,7
8464,0.7530644317042318,7
8824,0.7530644317042318,7
2448,0.7514670235434191,4
6878,0.7514670235434191,4
8788,0.7514670235434191,4
13118,0.7514670235434191,4
3290,0.7504747508367494,4
3570,0.7504747508367494,4
3940,0.7504747508367494,4
4670,0.7504747508367494,4
4800,0.7504747508367494,4
6070,0.7504747508367494,4
8240,0.7504747508367494,4
8840,0.7504747508367494,4
1328,0.7502018719387412,4
8771,0.7491470541842059,6
3572,0.7490946827107209,4
8312,0.7490946827107209,4
3026,0.7484270066084266,2
3826,0.7484270066084266,2
4946,0.7484270066084266,2
7736,0.7484270066084266,2
5488,0.7479864955306132,4
6619,0.7473457469452548,6
781,0.7464300781029684,4
1031,0.7464300781029684,4
1411,0.7464300781029684,4
1531,0.7464300781029684,4
2411,0.7464300781029684,4
3501,0.7464300781029684,4
4841,0.7464300781029684,4
5721,0.7464300781029684,4
7711,0.7464300781029684,4
160,0.7459620664305433,6
530,0.7459620664305433,6
5710,0.7459620664305433,6
8050,0.7459620664305433,6
503,0.7454014818571767,6
1813,0.7454014818571767,6
3323,0.7454014818571767,6
6703,0.7454014818571767,6
12773,0.7454014818571767,6
13043,0.7454014818571767,6
117,0.7449089625586605,4
1347,0.7449089625586605,4
2507,0.7449089625586605,4
13107,0.7449089625586605,4
13187,0.7449089625586605,4
2941,0.7437202368399091,7
5601,0.7437202368399091,7
2146,0.7433973646304795,7
4396,0.7433973646304795,7
5846,0.7433973646304795,7
6896,0.7433973646304795,7
7026,0.7433973646304795,7
7286,0.7433973646304795,7
8486,0.7433973646304795,7
8656,0.7433973646304795,7
9166,0.7433973646304795,7
12786,0.7433973646304795,7
8291,0.7432081252081255,7
722,0.7424924008230882,4
7362,0.7424924008230882,4
1780,0.7418963308829326,7
2780,0.7418963308829326,7
3870,0.7418963308829326,7
4140,0.7418963308829326,7
4690,0.7418963308829326,7
6210,0.7418963308829326,7
6380,0.7418963308829326,7
6440,0.7418963308829326,7
6890,0.7418963308829326,7
7410,0.7418963308829326,7
7870,0.7418963308829326,7
8410,0.7418963308829326,7
8510,0.7418963308829326,7
9130,0.7418963308829326,7
12950,0.7418963308829326,7
13140,0.7418963308829326,7
5134,0.7416389259520116,4
2200,0.7413672287301941,7
3758,0.7409638693092252,4
6248,0.7409638693092252,4
12768,0.7409638693092252,4
417,0.7406735922208411,7
1107,0.7406735922208411,7
2107,0.7406735922208411,7
3647,0.7406735922208411,7
4127,0.7406735922208411,7
4817,0.7406735922208411,7
4867,0.7406735922208411,7
5137,0.7406735922208411,7
5457,0.7406735922208411,7
5657,0.7406735922208411,7
8817,0.7406735922208411,7
12797,0.7406735922208411,7
13057,0.7406735922208411,7
355,0.7403146324010565,4
1295,0.7403146324010565,4
2025,0.7403146324010565,4
4995,0.7403146324010565,4
5705,0.7403146324010565,4
5745,0.7403146324010565,4
6245,0.7403146324010565,4
8015,0.7403146324010565,4
8115,0.7403146324010565,4
1074,0.7402885651901417,4
1354,0.7402885651901417,4
2424,0.7402885651901417,4
3564,0.7402885651901417,4
5794,0.7402885651901417,4
5824,0.7402885651901417,4
7904,0.7402885651901417,4
8244,0.7402885651901417,4
8304,0.7402885651901417,4
8354,0.7402885651901417,4
13124,0.7402885651901417,4
5400,0.7396059467086152,4
2186,0.7394794813205565,4
1119,0.7387525032329385,7
4029,0.7387525032329385,7
5979,0.7387525032329385,7
9189,0.7387525032329385,7
1854,0.7379903340560952,4
3078,0.737019894674703,4
3295,0.7368976067357584,7
7015,0.7368976067357584,7
1343,0.73669784821151,4
3033,0.73669784821151,4
3913,0.73669784821151,4
4723,0.73669784821151,4
1630,0.7365788298656973,7
4048,0.7364327682661735,7
4628,0.7364327682661735,7
12948,0.7364327682661735,7
3431,0.7358708549951223,6
1161,0.7358641441854171,6
4331,0.7358641441854171,6
5331,0.7358641441854171,6
6891,0.7358641441854171,6
4149,0.735462456327173,4
6287,0.7352737386871996,4
6357,0.7352737386871996,4
8317,0.7352737386871996,4
616,0.7348455112337702,4
1296,0.7348455112337702,4
2226,0.7348455112337702,4
6296,0.7348455112337702,4
6926,0.7348455112337702,4
8206,0.7348455112337702,4
8546,0.7348455112337702,4
8986,0.7348455112337702,4
12776,0.7348455112337702,4
1204,0.7342792350104632,7
4454,0.7342792350104632,7
4744,0.7342792350104632,7
2375,0.7332901393798847,7
5955,0.7332901393798847,7
12645,0.7332901393798847,7
498,0.7329967282776484,4
3908,0.7329967282776484,4
4658,0.7329967282776484,4
5538,0.7329967282776484,4
6178,0.7329967282776484,4
7208,0.7329967282776484,4
7358,0.7329967282776484,4
9028,0.7329967282776484,4
9238,0.7329967282776484,4
9175,0.7327535674297038,1
8462,0.732705161591232,7
898,0.732257280782032,4
1178,0.732257280782032,4
1378,0.732257280782032,4
1538,0.732257280782032,4
1718,0.732257280782032,4
2148,0.732257280782032,4
2698,0.732257280782032,4
3198,0.732257280782032,4
3298,0.732257280782032,4
4388,0.732257280782032,4
4908,0.732257280782032,4
5738,0.732257280782032,4
6158,0.732257280782032,4
6698,0.732257280782032,4
6788,0.732257280782032,4
6137,0.73179724422276,5
8970,0.7314902319902318,6
130,0.7313424383808651,4
1220,0.7313424383808651,4
1810,0.7313424383808651,4
7430,0.7313424383808651,4
8430,0.7313424383808651,4
6260,0.7310550978575274,4
137,0.7308502685405098,4
607,0.7308502685405098,4
1677,0.7308502685405098,4
1837,0.7308502685405098,4
2277,0.7308502685405098,4
4637,0.7308502685405098,4
6907,0.7308502685405098,4
7377,0.7308502685405098,4
7917,0.7308502685405098,4
8627,0.7308502685405098,4
712,0.7308319513099093,7
1622,0.7308319513099093,7
1952,0.7308319513099093,7
2652,0.7308319513099093,7
2732,0.7308319513099093,7
2992,0.7308319513099093,7
5172,0.7308319513099093,7
5272,0.7308319513099093,7
5362,0.7308319513099093,7
5512,0.7308319513099093,7
5722,0.7308319513099093,7
7402,0.7308319513099093,7
7752,0.7308319513099093,7
8242,0.7308319513099093,7
8332,0.7308319513099093,7
9132,0.7308319513099093,7
9262,0.7308319513099093,7
13152,0.7308319513099093,7
292,0.7303499786889569,4
1892,0.7303499786889569,4
1932,0.7303499786889569,4
2322,0.7303499786889569,4
3912,0.7303499786889569,4
4592,0.7303499786889569,4
4692,0.7303499786889569,4
4942,0.7303499786889569,4
5782,0.7303499786889569,4
6002,0.7303499786889569,4
6082,0.7303499786889569,4
6972,0.7303499786889569,4
8092,0.7303499786889569,4
8382,0.7303499786889569,4
8402,0.7303499786889569,4
12572,0.7303499786889569,4
12622,0.7303499786889569,4
1362,0.7303384013086115,7
4072,0.7303384013086115,7
4252,0.7303384013086115,7
6272,0.7303384013086115,7
8352,0.7303384013086115,7
3137,0.7287274736072323,2
3927,0.7287274736072323,2
7167,0.7287274736072323,2
8967,0.7287274736072323,2
13047,0.7287274736072323,2
5184,0.72808598424758,7
6894,0.72808598424758,7
7674,0.72808598424758,7
253,0.7280266699719823,4
853,0.7280266699719823,4
1283,0.7280266699719823,4
1543,0.7280266699719823,4
3423,0.7280266699719823,4
6733,0.7280266699719823,4
7263,0.7280266699719823,4
7823,0.7280266699719823,4
8753,0.7280266699719823,4
9093,0.7280021757270244,4
8008,0.7278125348983218,4
8998,0.7278125348983218,4
151,0.7277628973668636,4
7621,0.7277628973668636,4
1073,0.7276343477094,4
2673,0.7276343477094,4
4373,0.7276343477094,4
7413,0.7276343477094,4
8073,0.7276343477094,4
8153,0.7276343477094,4
12743,0.7276343477094,4
12963,0.7276343477094,4
13093,0.7276343477094,4
3306,0.727402158041097,4
5406,0.727402158041097,4
2319,0.7273863462605104,4
4449,0.7273863462605104,4
6719,0.7273863462605104,4
8884,0.7269076172272261,6
2275,0.7267227449521314,10
8305,0.7267227449521314,10
7160,0.7265357142857141,6
1250,0.7264135617128793,6
2440,0.7264135617128793,6
4740,0.7264135617128793,6
6190,0.7264135617128793,6
6860,0.7264135617128793,6
6980,0.7264135617128793,6
7100,0.7264135617128793,6
7890,0.7264135617128793,6
8080,0.7264135617128793,6
8360,0.7264135617128793,6
8910,0.7264135617128793,6
9100,0.7264135617128793,6
13010,0.7264135617128793,6
3711,0.7258642497969521,4
5441,0.7258642497969521,4
6637,0.7241087434237589,10
1602,0.72331393438857,4
2192,0.72331393438857,4
4552,0.72331393438857,4
6922,0.72331393438857,4
7512,0.72331393438857,4
8202,0.72331393438857,4
8852,0.72331393438857,4
4070,0.7232893561143137,4
933,0.7230178660870622,7
1223,0.7230178660870622,7
1433,0.7230178660870622,7
1783,0.7230178660870622,7
2343,0.7230178660870622,7
3823,0.7230178660870622,7
5463,0.7230178660870622,7
5793,0.7230178660870622,7
8103,0.7230178660870622,7
8643,0.7230178660870622,7
8783,0.7230178660870622,7
8983,0.7230178660870622,7
9153,0.7230178660870622,7
5706,0.7225311441629769,7
9146,0.7225311441629769,7
1298,0.7219689110825468,4
4158,0.7219689110825468,4
6208,0.7219689110825468,4
2713,0.7217491760076353,7
79,0.7212924036889509,4
2439,0.7212924036889509,4
6899,0.7212924036889509,4
12719,0.7212924036889509,4
419,0.7211337839918278,6
2719,0.7211337839918278,6
1968,0.721131944850092,4
2518,0.7208301198589419,6
3818,0.7208301198589419,6
4028,0.7208301198589419,6
4088,0.7208301198589419,6
6976,0.7201557412308455,4
1259,0.7198506516154357,4
1729,0.7198506516154357,4
1889,0.7198506516154357,4
4869,0.7198506516154357,4
5339,0.7198506516154357,4
6129,0.7198506516154357,4
6229,0.7198506516154357,4
6569,0.7198506516154357,4
6859,0.7198506516154357,4
7329,0.7198506516154357,4
7499,0.7198506516154357,4
7789,0.7198506516154357,4
8159,0.7198506516154357,4
8709,0.7198506516154357,4
13059,0.7198506516154357,4
511,0.7194248983432842,7
771,0.7194248983432842,7
2141,0.7194248983432842,7
3111,0.7194248983432842,7
3721,0.7194248983432842,7
4531,0.7194248983432842,7
4761,0.7194248983432842,7
6031,0.7194248983432842,7
6751,0.7194248983432842,7
6801,0.7194248983432842,7
2452,0.7193080161689952,7
7932,0.7193080161689952,7
4634,0.7189028023875508,6
6984,0.7189028023875508,6
3,0.7188004399061586,7
63,0.7188004399061586,7
2793,0.7188004399061586,7
4533,0.7188004399061586,7
5103,0.7188004399061586,7
8363,0.7188004399061586,7
353,0.7187089630657857,7
1833,0.7187089630657857,7
2193,0.7187089630657857,7
2753,0.7187089630657857,7
5203,0.7187089630657857,7
6193,0.7187089630657857,7
2050,0.7183902070095872,7
4920,0.7183902070095872,7
6160,0.7183902070095872,7
3879,0.7176099184820961,6
3919,0.7176099184820961,6
7129,0.7176099184820961,6
9019,0.7176099184820961,6
2324,0.7173077200577201,4
8683,0.7172685323792132,6
8674,0.716997015446156,10
265,0.7166402614681462,4
505,0.7166402614681462,4
1435,0.7166402614681462,4
6745,0.7166402614681462,4
7125,0.7166402614681462,4
7365,0.7166402614681462,4
7915,0.7166402614681462,4
8375,0.7166402614681462,4
12705,0.7166402614681462,4
2071,0.7163664353937598,6
2391,0.7163664353937598,6
2781,0.7163664353937598,6
2961,0.7163664353937598,6
3841,0.7163664353937598,6
4811,0.7163664353937598,6
5121,0.7163664353937598,6
5221,0.7163664353937598,6
6491,0.7163664353937598,6
6601,0.7163664353937598,6
7281,0.7163664353937598,6
7351,0.7163664353937598,6
7551,0.7163664353937598,6
8831,0.7163664353937598,6
12941,0.7163664353937598,6
4384,0.7152923498070559,6
1888,0.7145414395883983,4
1998,0.7145414395883983,4
2218,0.7145414395883983,4
2688,0.7145414395883983,4
2758,0.7145414395883983,4
2878,0.7145414395883983,4
2998,0.7145414395883983,4
3658,0.7145414395883983,4
3998,0.7145414395883983,4
4078,0.7145414395883983,4
4168,0.7145414395883983,4
4348,0.7145414395883983,4
4958,0.7145414395883983,4
5198,0.7145414395883983,4
5608,0.7145414395883983,4
5618,0.7145414395883983,4
7238,0.7145414395883983,4
7258,0.7145414395883983,4
8358,0.7145414395883983,4
8398,0.7145414395883983,4
8708,0.7145414395883983,4
8878,0.7145414395883983,4
13018,0.7145414395883983,4
2168,0.7142063394400405,7
3438,0.7142063394400405,7
6088,0.7142063394400405,7
6608,0.7142063394400405,7
6638,0.7142063394400405,7
8148,0.7142063394400405,7
8728,0.7142063394400405,7
1529,0.7137993189873555,7
3359,0.7137993189873555,7
4089,0.7137993189873555,7
4349,0.7137993189873555,7
4459,0.7137993189873555,7
4529,0.7137993189873555,7
5369,0.7137993189873555,7
7369,0.7137993189873555,7
8629,0.7137993189873555,7
9069,0.7137993189873555,7
9199,0.7137993189873555,7
2400,0.7136428971097701,4
6406,0.7135468406001904,4
6818,0.7128124434045486,5
7388,0.7128124434045486,5
8028,0.7128124434045486,5
4118,0.7125799947024425,4
5508,0.7125799947024425,4
6908,0.7125799947024425,4
8118,0.7125799947024425,4
8278,0.7125799947024425,4
8758,0.7125799947024425,4
111,0.7124449104242196,7
741,0.7124449104242196,7
1501,0.7124449104242196,7
2831,0.7124449104242196,7
3171,0.7124449104242196,7
5421,0.7124449104242196,7
8041,0.7124449104242196,7
12751,0.7124449104242196,7
664,0.7121690351150332,4
734,0.7121690351150332,4
1454,0.7121690351150332,4
2454,0.7121690351150332,4
2804,0.7121690351150332,4
4234,0.7121690351150332,4
4514,0.7121690351150332,4
6514,0.7121690351150332,4
6844,0.7121690351150332,4
6934,0.7121690351150332,4
13114,0.7121690351150332,4
13144,0.7121690351150332,4
4566,0.7118141153090662,6
6576,0.7118141153090662,6
809,0.711524587214323,4
1579,0.711524587214323,4
1699,0.711524587214323,4
1789,0.711524587214323,4
2039,0.711524587214323,4
2799,0.711524587214323,4
3569,0.711524587214323,4
4659,0.711524587214323,4
6489,0.711524587214323,4
6779,0.711524587214323,4
7959,0.711524587214323,4
8039,0.711524587214323,4
8929,0.711524587214323,4
12769,0.711524587214323,4
12949,0.711524587214323,4
3016,0.710506584918635,6
4736,0.710506584918635,6
270,0.7099614956833671,4
1640,0.7099614956833671,4
2340,0.7099614956833671,4
2450,0.7099614956833671,4
3980,0.7099614956833671,4
4020,0.7099614956833671,4
4030,0.7099614956833671,4
5230,0.7099614956833671,4
5260,0.7099614956833671,4
5910,0.7099614956833671,4
5990,0.7099614956833671,4
7840,0.7099614956833671,4
8140,0.7099614956833671,4
8870,0.7099614956833671,4
9050,0.7099614956833671,4
13050,0.7099614956833671,4
1504,0.7098444687496689,4
1055,0.7098436652566312,6
5735,0.7098436652566312,6
6415,0.7098436652566312,6
8835,0.7098436652566312,6
381,0.7095585767990662,4
1671,0.7095585767990662,4
2131,0.7095585767990662,4
3231,0.7095585767990662,4
5831,0.7095585767990662,4
5921,0.7095585767990662,4
7181,0.7095585767990662,4
7411,0.7095585767990662,4
7601,0.7095585767990662,4
7661,0.7095585767990662,4
9161,0.7095585767990662,4
9281,0.7095585767990662,4
13011,0.7095585767990662,4
2848,0.7091445271037777,6
4961,0.7083440330977656,7
525,0.7083418780369616,4
2985,0.7083418780369616,4
4575,0.7083418780369616,4
5925,0.7083418780369616,4
6135,0.7083418780369616,4
6275,0.7083418780369616,4
6315,0.7083418780369616,4
6725,0.7083418780369616,4
6825,0.7083418780369616,4
7355,0.7083418780369616,4
7445,0.7083418780369616,4
7785,0.7083418780369616,4
7875,0.7083418780369616,4
7945,0.7083418780369616,4
8195,0.7083418780369616,4
8615,0.7083418780369616,4
12895,0.7083418780369616,4
12965,0.7083418780369616,4
374,0.7079611827371117,6
9094,0.7079611827371117,6
1219,0.7078284784502784,4
1412,0.7074502796195611,6
1782,0.7074502796195611,6
2102,0.7074502796195611,6
2932,0.7074502796195611,6
6162,0.7074502796195611,6
7142,0.7074502796195611,6
8102,0.7074502796195611,6
3807,0.7065239094350162,6
50,0.7056229777733278,4
640,0.7056229777733278,4
1920,0.7056229777733278,4
2570,0.7056229777733278,4
3060,0.7056229777733278,4
5770,0.7056229777733278,4
6090,0.7056229777733278,4
9140,0.7056229777733278,4
1987,0.7053929021330408,6
8257,0.7053929021330408,6
859,0.7050038060151045,4
1409,0.7050038060151045,4
1669,0.7050038060151045,4
1969,0.7050038060151045,4
2739,0.7050038060151045,4
3079,0.7050038060151045,4
3499,0.7050038060151045,4
3969,0.7050038060151045,4
3979,0.7050038060151045,4
4239,0.7050038060151045,4
5059,0.7050038060151045,4
5609,0.7050038060151045,4
5829,0.7050038060151045,4
6829,0.7050038060151045,4
7729,0.7050038060151045,4
8129,0.7050038060151045,4
8249,0.7050038060151045,4
8419,0.7050038060151045,4
8253,0.704729978354978,7
8408,0.7045856332657408,7
1610,0.7038688376423933,6
2500,0.7038688376423933,6
5830,0.7038688376423933,6
6600,0.7038688376423933,6
5911,0.7037579097233108,7
1853,0.7035271704110356,7
3213,0.7035271704110356,7
3693,0.7035271704110356,7
6533,0.7035271704110356,7
6913,0.7035271704110356,7
9143,0.7035271704110356,7
1380,0.7014795207949721,7
1990,0.7014795207949721,7
2250,0.7014795207949721,7
2350,0.7014795207949721,7
2490,0.7014795207949721,7
2660,0.7014795207949721,7
4230,0.7014795207949721,7
4270,0.7014795207949721,7
4820,0.7014795207949721,7
8680,0.7014795207949721,7
9310,0.7014795207949721,7
13130,0.7014795207949721,7
621,0.7010934319607037,4
2641,0.7010934319607037,4
2801,0.7010934319607037,4
5021,0.7010934319607037,4
5881,0.7010934319607037,4
7991,0.7010934319607037,4
8221,0.7010934319607037,4
8851,0.7010934319607037,4
12771,0.7010934319607037,4
915,0.7010289859335801,7
475,0.7010232769187273,10
1732,0.7002917281963014,4
4572,0.7002917281963014,4
1138,0.7001841449584911,4
1778,0.7001841449584911,4
1958,0.7001841449584911,4
3538,0.7001841449584911,4
4618,0.7001841449584911,4
5578,0.7001841449584911,4
5808,0.7001841449584911,4
8298,0.7001841449584911,4
8978,0.7001841449584911,4
392,0.7000913254072891,6
892,0.7000913254072891,6
1162,0.7000913254072891,6
1762,0.7000913254072891,6
1832,0.7000913254072891,6
2292,0.7000913254072891,6
3042,0.7000913254072891,6
3342,0.7000913254072891,6
4422,0.7000913254072891,6
4672,0.7000913254072891,6
4872,0.7000913254072891,6
5672,0.7000913254072891,6
7052,0.7000913254072891,6
7552,0.7000913254072891,6
8052,0.7000913254072891,6
8472,0.7000913254072891,6
8672,0.7000913254072891,6
9102,0.7000913254072891,6
1143,0.6992899759187697,4
3233,0.6992899759187697,4
3383,0.6992899759187697,4
3393,0.6992899759187697,4
3713,0.6992899759187697,4
5053,0.6992899759187697,4
5243,0.6992899759187697,4
8233,0.6992899759187697,4
8583,0.6992899759187697,4
28,0.6987964597488692,4
8088,0.6987964597488692,4
12568,0.6987964597488692,4
13178,0.6987964597488692,4
984,0.6987696477666551,7
1644,0.6987696477666551,7
540,0.6986821154670751,7
5780,0.6986821154670751,7
5880,0.6986821154670751,7
5970,0.6986821154670751,7
6820,0.6986821154670751,7
8220,0.6986821154670751,7
4746,0.698678849857445,5
7209,0.6983141082773434,6
1262,0.6983138247358341,4
6762,0.6983138247358341,4
12822,0.6983138247358341,4
4469,0.6977944423122715,6
1252,0.6977814080707418,4
1552,0.6977814080707418,4
1922,0.6977814080707418,4
2372,0.6977814080707418,4
2402,0.6977814080707418,4
2642,0.6977814080707418,4
3012,0.6977814080707418,4
3122,0.6977814080707418,4
3182,0.6977814080707418,4
3602,0.6977814080707418,4
3792,0.6977814080707418,4
4082,0.6977814080707418,4
4782,0.6977814080707418,4
5962,0.6977814080707418,4
6662,0.6977814080707418,4
6772,0.6977814080707418,4
7832,0.6977814080707418,4
8122,0.6977814080707418,4
8862,0.6977814080707418,4
8912,0.6977814080707418,4
8992,0.6977814080707418,4
1898,0.6976666666666668,4
13171,0.6969824292746574,4
733,0.696241887033316,6
4383,0.696241887033316,6
4823,0.696241887033316,6
6483,0.696241887033316,6
7373,0.696241887033316,6
7933,0.696241887033316,6
8313,0.696241887033316,6
12803,0.696241887033316,6
1104,0.696193648795574,10
8294,0.696193648795574,10
12684,0.696193648795574,10
6627,0.6950917880356005,4
6947,0.6950917880356005,4
7407,0.6950917880356005,4
6149,0.6947477116379556,6
7466,0.6946998482131207,7
273,0.6941871850319735,4
1043,0.6941871850319735,4
2353,0.6941871850319735,4
2373,0.6941871850319735,4
2403,0.6941871850319735,4
3053,0.6941871850319735,4
3063,0.6941871850319735,4
5293,0.6941871850319735,4
6443,0.6941871850319735,4
8923,0.6941871850319735,4
8993,0.6941871850319735,4
9203,0.6941871850319735,4
954,0.6931232009380475,7
192,0.6930827447543766,7
4452,0.6930827447543766,7
5062,0.6930827447543766,7
5302,0.6930827447543766,7
8592,0.6930827447543766,7
174,0.6930332894810285,6
8044,0.6930332894810285,6
2584,0.6922665757839682,10
2744,0.6922665757839682,10
296,0.6920786716069293,4
1636,0.6920786716069293,4
4626,0.6920786716069293,4
3354,0.6920618766979146,8
208,0.6916124850197951,6
4172,0.6913257599261015,6
5192,0.6913257599261015,6
195,0.6910510615500656,7
745,0.6910510615500656,7
1725,0.6910510615500656,7
1795,0.6910510615500656,7
5965,0.6910510615500656,7
7845,0.6910510615500656,7
8285,0.6910510615500656,7
5746,0.6910441500455042,2
6716,0.6910441500455042,2
567,0.6910131404324816,4
3167,0.6910131404324816,4
4707,0.6910131404324816,4
4987,0.6910131404324816,4
5807,0.6910131404324816,4
6347,0.6910131404324816,4
6477,0.6910131404324816,4
7737,0.6910131404324816,4
8057,0.6910131404324816,4
8167,0.6910131404324816,4
8677,0.6910131404324816,4
9277,0.6910131404324816,4
1317,0.6906928277345021,4
1337,0.6906928277345021,4
1827,0.6906928277345021,4
2047,0.6906928277345021,4
2167,0.6906928277345021,4
2347,0.6906928277345021,4
3837,0.6906928277345021,4
6007,0.6906928277345021,4
6177,0.6906928277345021,4
8027,0.6906928277345021,4
8037,0.6906928277345021,4
8297,0.6906928277345021,4
8737,0.6906928277345021,4
12707,0.6906928277345021,4
12747,0.6906928277345021,4
76,0.6903181306886743,4
146,0.6903181306886743,4
876,0.6903181306886743,4
2406,0.6903181306886743,4
2676,0.6903181306886743,4
2936,0.6903181306886743,4
3866,0.6903181306886743,4
4256,0.6903181306886743,4
4516,0.6903181306886743,4
5106,0.6903181306886743,4
7586,0.6903181306886743,4
7946,0.6903181306886743,4
7996,0.6903181306886743,4
8716,0.6903181306886743,4
12676,0.6903181306886743,4
589,0.6894527451969427,4
649,0.6894527451969427,4
1059,0.6894527451969427,4
1429,0.6894527451969427,4
1559,0.6894527451969427,4
1829,0.6894527451969427,4
2129,0.6894527451969427,4
2959,0.6894527451969427,4
3619,0.6894527451969427,4
4439,0.6894527451969427,4
7919,0.6894527451969427,4
8519,0.6894527451969427,4
1403,0.688871328385607,6
1483,0.688871328385607,6
2853,0.688871328385607,6
2983,0.688871328385607,6
3683,0.688871328385607,6
4653,0.688871328385607,6
4743,0.688871328385607,6
5643,0.688871328385607,6
6453,0.688871328385607,6
7913,0.688871328385607,6
8063,0.688871328385607,6
8173,0.688871328385607,6
8213,0.688871328385607,6
8523,0.688871328385607,6
5490,0.6880451524307414,4
6170,0.6880451524307414,4
8710,0.6880451524307414,4
12930,0.6880451524307414,4
3924,0.6872228918853878,4
8554,0.6872228918853878,4
10,0.6870053028450722,6
220,0.6870053028450722,6
1670,0.6870053028450722,6
2010,0.6870053028450722,6
3330,0.6870053028450722,6
4580,0.6870053028450722,6
5270,0.6870053028450722,6
5440,0.6870053028450722,6
5860,0.6870053028450722,6
6310,0.6870053028450722,6
6700,0.6870053028450722,6
7020,0.6870053028450722,6
7860,0.6870053028450722,6
7900,0.6870053028450722,6
7970,0.6870053028450722,6
8020,0.6870053028450722,6
8400,0.6870053028450722,6
2210,0.6869291898450993,6
5560,0.6869291898450993,6
7790,0.6869291898450993,6
201,0.6868179708599449,7
4501,0.6868179708599449,7
5951,0.6868179708599449,7
6091,0.6868179708599449,7
8091,0.6868179708599449,7
384,0.6866992593417734,4
874,0.6866992593417734,4
1324,0.6866992593417734,4
1704,0.6866992593417734,4
2864,0.6866992593417734,4
2894,0.6866992593417734,4
2994,0.6866992593417734,4
3124,0.6866992593417734,4
3674,0.6866992593417734,4
4554,0.6866992593417734,4
4974,0.6866992593417734,4
5154,0.6866992593417734,4
8404,0.6866992593417734,4
12634,0.6866992593417734,4
2861,0.6863429904982626,7
12761,0.6863429904982626,7
577,0.6861459256799083,4
2787,0.6861459256799083,4
4317,0.6861459256799083,4
12621,0.6858300291255134,4
2814,0.6856824512346956,10
8597,0.6855293003341423,4
6113,0.6854747914548678,6
382,0.6853130881495717,4
1772,0.6853130881495717,4
1912,0.6853130881495717,4
3852,0.6853130881495717,4
3982,0.6853130881495717,4
4612,0.6853130881495717,4
5992,0.6853130881495717,4
7782,0.6853130881495717,4
7792,0.6853130881495717,4
8502,0.6853130881495717,4
12712,0.6853130881495717,4
12762,0.6853130881495717,4
787,0.6847251091202716,4
1587,0.6847251091202716,4
8047,0.6847251091202716,4
790,0.6845446198544827,7
1150,0.6845446198544827,7
1360,0.6845446198544827,7
2360,0.6845446198544827,7
6120,0.6845446198544827,7
6810,0.6845446198544827,7
7300,0.6845446198544827,7
7450,0.6845446198544827,7
12680,0.6845446198544827,7
1014,0.6842539109205681,10
2914,0.6842539109205681,10
6034,0.6842539109205681,10
7474,0.6842539109205681,10
8964,0.6842539109205681,10
13194,0.6842539109205681,10
1072,0.6835787750853071,7
1702,0.6835787750853071,7
2172,0.6835787750853071,7
2432,0.6835787750853071,7
2582,0.6835787750853071,7
4542,0.6835787750853071,7
4952,0.6835787750853071,7
5292,0.6835787750853071,7
5662,0.6835787750853071,7
6282,0.6835787750853071,7
7412,0.6835787750853071,7
8142,0.6835787750853071,7
8752,0.6835787750853071,7
12582,0.6835787750853071,7
1364,0.683435191357693,4
1994,0.683435191357693,4
2144,0.683435191357693,4
2564,0.683435191357693,4
4714,0.683435191357693,4
7774,0.683435191357693,4
8444,0.683435191357693,4
8684,0.683435191357693,4
8714,0.683435191357693,4
8924,0.683435191357693,4
1964,0.683351888102917,10
5774,0.683351888102917,10
6104,0.683351888102917,10
7264,0.683351888102917,10
7494,0.683351888102917,10
8534,0.683351888102917,10
3614,0.683333006188868,1
816,0.6827764206133446,7
1176,0.6827764206133446,7
1526,0.6827764206133446,7
1906,0.6827764206133446,7
2596,0.6827764206133446,7
2626,0.6827764206133446,7
4266,0.6827764206133446,7
4606,0.6827764206133446,7
7416,0.6827764206133446,7
8456,0.6827764206133446,7
9066,0.6827764206133446,7
12836,0.6827764206133446,7
13096,0.6827764206133446,7
6223,0.6822873368461602,8
3108,0.6822437814814919,4
3288,0.6822437814814919,4
8698,0.6822437814814919,4
12578,0.6822437814814919,4
531,0.6816925597530648,6
1451,0.6816925597530648,6
2301,0.6816925597530648,6
2551,0.6816925597530648,6
2601,0.6816925597530648,6
3581,0.6816925597530648,6
3971,0.6816925597530648,6
4191,0.6816925597530648,6
6001,0.6816925597530648,6
6471,0.6816925597530648,6
7641,0.6816925597530648,6
7781,0.6816925597530648,6
8171,0.6816925597530648,6
9011,0.6816925597530648,6
12701,0.6816925597530648,6
12921,0.6816925597530648,6
13191,0.6816925597530648,6
2453,0.6816327979754849,4
3553,0.6816327979754849,4
5363,0.6816327979754849,4
6613,0.6816327979754849,4
9073,0.6816327979754849,4
4510,0.6808506771006769,6
5868,0.6808435157908626,4
12558,0.6808435157908626,4
796,0.6804056980867754,4
1086,0.6804056980867754,4
1206,0.6804056980867754,4
1366,0.6804056980867754,4
2366,0.6804056980867754,4
2666,0.6804056980867754,4
3606,0.6804056980867754,4
3716,0.6804056980867754,4
5666,0.6804056980867754,4
5906,0.6804056980867754,4
6326,0.6804056980867754,4
8706,0.6804056980867754,4
8916,0.6804056980867754,4
12846,0.6804056980867754,4
6596,0.6798189732714874,2
8416,0.6796344591737232,4
49,0.6788777969910137,7
4845,0.6786023283595013,7
4865,0.6786023283595013,7
6295,0.6786023283595013,7
7385,0.6786023283595013,7
7555,0.6786023283595013,7
7655,0.6786023283595013,7
7905,0.6786023283595013,7
7995,0.6786023283595013,7
8175,0.6786023283595013,7
8855,0.6786023283595013,7
12865,0.6786023283595013,7
375,0.6783704380291887,1
545,0.6783704380291887,1
1915,0.6783704380291887,1
2145,0.6783704380291887,1
3735,0.6783704380291887,1
3975,0.6783704380291887,1
5135,0.6783704380291887,1
5625,0.6783704380291887,1
9025,0.6783704380291887,1
339,0.6783496847471379,7
1309,0.6783496847471379,7
1859,0.6783496847471379,7
2599,0.6783496847471379,7
3809,0.6783496847471379,7
4219,0.6783496847471379,7
5679,0.6783496847471379,7
5839,0.6783496847471379,7
6159,0.6783496847471379,7
6809,0.6783496847471379,7
8379,0.6783496847471379,7
240,0.6772682908468322,7
1800,0.6772682908468322,7
3240,0.6772682908468322,7
3360,0.6772682908468322,7
3600,0.6772682908468322,7
5550,0.6772682908468322,7
6080,0.6772682908468322,7
7390,0.6772682908468322,7
8100,0.6772682908468322,7
8440,0.6772682908468322,7
9220,0.6772682908468322,7
1224,0.6772331494407122,4
1534,0.6772331494407122,4
1594,0.6772331494407122,4
2244,0.6772331494407122,4
2394,0.6772331494407122,4
2984,0.6772331494407122,4
3074,0.6772331494407122,4
3334,0.6772331494407122,4
3884,0.6772331494407122,4
4704,0.6772331494407122,4
4954,0.6772331494407122,4
5764,0.6772331494407122,4
6064,0.6772331494407122,4
6474,0.6772331494407122,4
12644,0.6772331494407122,4
12924,0.6772331494407122,4
345,0.6771660344541267,10
4385,0.6771660344541267,10
7545,0.6771660344541267,10
5704,0.6766201298701298,10
3597,0.67661829731727,4
3707,0.67661829731727,4
7137,0.67661829731727,4
232,0.6766075852868306,7
508,0.6763430156039563,7
948,0.6763430156039563,7
1188,0.6763430156039563,7
4788,0.6763430156039563,7
4978,0.6763430156039563,7
8268,0.6763430156039563,7
535,0.6761167196483732,1
3225,0.6761167196483732,1
3815,0.6761167196483732,1
4215,0.6761167196483732,1
4803,0.6757989084489953,7
5143,0.6757989084489953,7
5313,0.6757989084489953,7
5473,0.6757989084489953,7
6313,0.6757989084489953,7
7363,0.6757989084489953,7
1326,0.674911278401086,2
3406,0.674911278401086,2
3416,0.674911278401086,2
5206,0.674911278401086,2
5966,0.674911278401086,2
7356,0.674911278401086,2
8366,0.674911278401086,2
6684,0.6742762143780952,4
348,0.6742037187360759,7
2108,0.6742037187360759,7
2258,0.6742037187360759,7
7838,0.6742037187360759,7
8548,0.6742037187360759,7
12618,0.6742037187360759,7
13198,0.6742037187360759,7
1907,0.6740214326637686,7
2607,0.6740214326637686,7
2617,0.6740214326637686,7
2927,0.6740214326637686,7
5817,0.6740214326637686,7
6717,0.6740214326637686,7
8377,0.6740214326637686,7
9117,0.6740214326637686,7
13137,0.6740214326637686,7
13147,0.6740214326637686,7
2795,0.6732374630348842,10
2885,0.6732374630348842,10
3625,0.6732374630348842,10
4565,0.6732374630348842,10
5545,0.6732374630348842,10
7435,0.6732374630348842,10
1834,0.6714074862098048,7
2214,0.6714074862098048,7
2314,0.6714074862098048,7
3064,0.6714074862098048,7
3174,0.6714074862098048,7
4174,0.6714074862098048,7
4534,0.6714074862098048,7
5484,0.6714074862098048,7
5744,0.6714074862098048,7
6014,0.6714074862098048,7
7034,0.6714074862098048,7
3957,0.6712705873334873,2
4007,0.6712705873334873,2
4037,0.6712705873334873,2
4527,0.6712705873334873,2
4597,0.6712705873334873,2
6527,0.6712705873334873,2
6757,0.6712705873334873,2
6767,0.6712705873334873,2
7987,0.6712705873334873,2
8827,0.6712705873334873,2
7957,0.6710120368956585,2
2349,0.6707086525024001,7
4369,0.6707086525024001,7
4649,0.6707086525024001,7
5189,0.6707086525024001,7
5389,0.6707086525024001,7
6439,0.6707086525024001,7
7809,0.6707086525024001,7
12979,0.6707086525024001,7
8668,0.670625,7
7481,0.6694047786268166,4
8391,0.6694047786268166,4
383,0.6693974272510901,6
5193,0.6693974272510901,6
8463,0.6693974272510901,6
8823,0.6693974272510901,6
5010,0.6688471753949997,7
5160,0.6688471753949997,7
6670,0.6688471753949997,7
8630,0.6688471753949997,7
4619,0.6682724352348852,5
4719,0.6682724352348852,5
5359,0.6682724352348852,5
2181,0.667988853949796,7
4661,0.667988853949796,7
6171,0.667988853949796,7
7561,0.667988853949796,7
7581,0.667988853949796,7
445,0.6677453295567495,4
2495,0.6677453295567495,4
3415,0.6677453295567495,4
3955,0.6677453295567495,4
5865,0.6677453295567495,4
6125,0.6677453295567495,4
6395,0.6677453295567495,4
